-- phpMyAdmin SQL Dump
-- version 4.9.1
-- https://www.phpmyadmin.net/
--
-- Servidor: localhost
-- Tiempo de generación: 04-09-2025 a las 07:50:51
-- Versión del servidor: 8.0.17
-- Versión de PHP: 7.3.10

SET SQL_MODE = "NO_AUTO_VALUE_ON_ZERO";
SET AUTOCOMMIT = 0;
START TRANSACTION;
SET time_zone = "+00:00";


/*!40101 SET @OLD_CHARACTER_SET_CLIENT=@@CHARACTER_SET_CLIENT */;
/*!40101 SET @OLD_CHARACTER_SET_RESULTS=@@CHARACTER_SET_RESULTS */;
/*!40101 SET @OLD_COLLATION_CONNECTION=@@COLLATION_CONNECTION */;
/*!40101 SET NAMES utf8mb4 */;

--
-- Base de datos: `gastos_app_db`
--

-- --------------------------------------------------------

--
-- Estructura de tabla para la tabla `alumnos`
--

CREATE TABLE `alumnos` (
  `id` int(11) NOT NULL,
  `nombre` varchar(150) NOT NULL,
  `edad` int(11) DEFAULT NULL,
  `telefono` varchar(20) DEFAULT NULL,
  `email` varchar(100) DEFAULT NULL,
  `clase` varchar(50) NOT NULL COMMENT 'Guitarra Eléctrica, Piano/Teclado, Batería, Bajo Eléctrico, Canto',
  `tipo_clase` enum('Individual','Grupal') DEFAULT 'Individual',
  `maestro_id` int(11) DEFAULT NULL,
  `horario` varchar(100) DEFAULT NULL,
  `fecha_inscripcion` date NOT NULL,
  `promocion` varchar(100) DEFAULT NULL,
  `precio_mensual` decimal(8,2) NOT NULL,
  `forma_pago` varchar(50) DEFAULT NULL,
  `domiciliado` tinyint(1) DEFAULT '0',
  `titular_domicilado` varchar(150) DEFAULT NULL,
  `estatus` enum('Activo','Baja') DEFAULT 'Activo',
  `fecha_ultimo_pago` date DEFAULT NULL,
  `empresa_id` int(11) NOT NULL,
  `created_at` timestamp NULL DEFAULT CURRENT_TIMESTAMP,
  `updated_at` timestamp NULL DEFAULT CURRENT_TIMESTAMP ON UPDATE CURRENT_TIMESTAMP
) ENGINE=InnoDB DEFAULT CHARSET=utf8mb4 COLLATE=utf8mb4_0900_ai_ci;

--
-- Volcado de datos para la tabla `alumnos`
--

INSERT INTO `alumnos` (`id`, `nombre`, `edad`, `telefono`, `email`, `clase`, `tipo_clase`, `maestro_id`, `horario`, `fecha_inscripcion`, `promocion`, `precio_mensual`, `forma_pago`, `domiciliado`, `titular_domicilado`, `estatus`, `fecha_ultimo_pago`, `empresa_id`, `created_at`) VALUES
(1, 'Gwyneth Adriana Tagliabue Cruz', 15, NULL, NULL, 'Guitarra', 'Grupal', 1, '19:00 a 20:00 V', '2023-08-01', 'Inscripción $0.00', '1500.00', 'TPV', 0, NULL, 'Baja', NULL, 1, '2025-09-01 21:54:18'),
(2, 'Alejandro Navarro Baltazar', 36, NULL, NULL, 'Guitarra', 'Grupal', 1, '17:00 a 18:00 Mi', '2023-08-02', 'Inscripción $0.00', '1500.00', 'Efectivo', 0, NULL, 'Baja', NULL, 1, '2025-09-01 21:54:18'),
(3, 'Manuel Zacate Millan', 62, NULL, NULL, 'Guitarra', 'Grupal', 1, '12:30 a 13:30 S', '2023-08-31', 'Inscripción $0.00', '1400.00', 'TPV', 0, NULL, 'Baja', NULL, 1, '2025-09-01 21:54:18'),
(4, 'Luis Erik Arias Ayala', 11, NULL, NULL, 'Teclado', 'Grupal', 7, '17:00 a 18:00 LyV', '2023-09-01', 'Inscripción $0.00', '1500.00', 'TPV', 0, NULL, 'Baja', NULL, 1, '2025-09-01 21:54:18'),
(5, 'Jose Fernando Campos Esparza', 28, NULL, NULL, 'Guitarra', 'Individual', 1, '16:00 a 17:00 V', '2023-09-08', 'Inscripción $0.00', '2000.00', 'TPV', 0, NULL, 'Baja', NULL, 1, '2025-09-01 21:54:18'),
(6, 'Fanny Ieraldini Guitierrez Jasso', 30, NULL, NULL, 'Batería', 'Grupal', 2, '17:00 a 18:00 Ma', '2023-09-04', 'Inscripción $0.00', '1500.00', 'Transferencia', 0, NULL, 'Activo', NULL, 1, '2025-09-01 21:54:18'),
(7, 'Jose Francisco Rangel Alonso', 59, NULL, NULL, 'Guitarra', 'Grupal', 1, 'Baja', '2023-08-25', 'Inscripción $0.00', '1000.00', 'Efectivo', 0, NULL, 'Baja', NULL, 1, '2025-09-01 21:54:18'),
(8, 'Alan Mateo Gomez Juarez', 12, NULL, NULL, 'Guitarra', 'Individual', 4, '14:00 a 16:00 S', '2023-09-09', 'Inscripción $0.00', '1900.00', 'TPV', 0, NULL, 'Activo', NULL, 1, '2025-09-01 21:54:18'),
(9, 'Enrique Alexander Roldan Lopez', 16, NULL, NULL, 'Guitarra', 'Grupal', 1, '17:00 a 18:00 Mi', '2023-09-27', 'Inscripción $0.00', '1350.00', 'Transferencia', 0, NULL, 'Baja', NULL, 1, '2025-09-01 21:54:18'),
(10, 'Enrique Alexander Roldan Lopez', 16, NULL, NULL, 'Batería', 'Grupal', 2, '19:00 a 20:00 Ma', '2023-09-27', 'Inscripción $0.00', '1350.00', 'TPV', 0, NULL, 'Baja', NULL, 1, '2025-09-01 21:54:18'),
(11, 'Guadalupe Donaji Arellano Ramirez', 15, NULL, NULL, 'Guitarra', 'Grupal', 1, '19:00 a 20:00 V', '2023-10-20', 'Inscripción $0.00', '1350.00', 'TPV', 0, NULL, 'Activo', NULL, 1, '2025-09-01 21:54:18'),
(12, 'Brenda Serrano Cervantes', 26, NULL, NULL, 'Bajo', 'Grupal', 6, '18:00 a 19:00 J', '2023-09-30', 'Inscripción $0.00', '1500.00', 'Transferencia', 0, NULL, 'Baja', NULL, 1, '2025-09-01 21:54:18'),
(13, 'Joaquin Pimentel', 70, NULL, NULL, 'Guitarra', 'Grupal', 1, '17:00 a 18:00 Mi', '2023-10-30', 'Inscripción $0.00', '1275.00', 'TPV', 0, NULL, 'Baja', NULL, 1, '2025-09-01 21:54:18'),
(14, 'Isabel Ramos', 59, NULL, NULL, 'Guitarra', 'Grupal', 1, '20:00 a 21:00 Ma', '2023-11-11', 'Inscripción $0.00', '1500.00', 'Transferencia', 0, NULL, 'Baja', NULL, 1, '2025-09-01 21:54:18'),
(15, 'Leonardo Landa Sanchez', 11, NULL, NULL, 'Batería', 'Grupal', 2, '18:00 a 19:00 Ma', '2024-01-09', 'Inscripción $0.00', '1350.00', 'TPV', 0, NULL, 'Baja', NULL, 1, '2025-09-01 21:54:18'),
(16, 'Rebeca Guadalupe Juarez Vergara', 40, NULL, NULL, 'Batería', 'Individual', 2, '19:00 a 20:00 Lu', '2024-03-04', 'Inscripción $0.00', '2000.00', 'TPV', 0, NULL, 'Activo', NULL, 1, '2025-09-01 21:54:18'),
(17, 'Mateo Ludwig', 12, NULL, NULL, 'Bajo', 'Grupal', 6, '18:00 a 19:00 Ma', '2024-03-19', 'Inscripción $0.00', '1500.00', 'TPV', 0, NULL, 'Baja', NULL, 1, '2025-09-01 21:54:18'),
(18, 'Alondra Cecilia Morales Alvarez', 15, NULL, NULL, 'Guitarra', 'Grupal', 1, '19:00 a 20:00 V', '2024-03-15', 'Inscripción $0.00', '1350.00', 'TPV', 0, NULL, 'Baja', NULL, 1, '2025-09-01 21:54:18'),
(19, 'Oscar Castilla', 10, NULL, NULL, 'Teclado', 'Grupal', 7, '12:00 a 13:00 Mi', '2024-03-22', 'Inscripción $0.00', '1350.00', 'TPV', 0, NULL, 'Baja', NULL, 1, '2025-09-01 21:54:18'),
(20, 'Daniel Alexander Hernandez Arce', 10, NULL, NULL, 'Guitarra', 'Grupal', 1, '18:00 a 19:00 Mi', '2024-05-08', 'Inscripción $0.00', '1200.00', 'TPV', 0, NULL, 'Baja', NULL, 1, '2025-09-01 21:54:18'),
(21, 'Luciano Ariel Hernandez Arce', 6, NULL, NULL, 'Batería', 'Grupal', 2, '18:00 a 19:00 Mi', '2024-05-08', 'Inscripción $0.00', '1200.00', 'TPV', 0, NULL, 'Baja', NULL, 1, '2025-09-01 21:54:18'),
(22, 'Daniel Alexander Hernandez Arce', 10, NULL, NULL, 'Teclado', 'Grupal', 7, '15:00 a 16:00 Ma', '2024-05-08', 'Inscripción $0.00', '1200.00', 'TPV', 0, NULL, 'Baja', NULL, 1, '2025-09-01 21:54:18'),
(23, 'Luciano Ariel Hernandez Arce', 6, NULL, NULL, 'Teclado', 'Grupal', 7, '15:00 a 16:00 Ma', '2024-05-08', 'Inscripción $0.00', '1200.00', 'TPV', 0, NULL, 'Baja', NULL, 1, '2025-09-01 21:54:18'),
(24, 'Erik Alcantara Trejo', 22, NULL, NULL, 'Guitarra', 'Grupal', 1, '15:00 a 16:00 Sa', '2024-06-10', 'Inscripción $0.00', '1350.00', 'TPV', 0, NULL, 'Baja', NULL, 1, '2025-09-01 21:54:18'),
(25, 'Luzbel Rueda Muñoz', 16, NULL, NULL, 'Guitarra', 'Grupal', 1, '17:00 a 18:00 Mi', '2024-06-01', 'Inscripción $0.00', '1350.00', 'Transferencia', 0, NULL, 'Baja', NULL, 1, '2025-09-01 21:54:18'),
(26, 'Aidan Crosby Lobo', 11, NULL, NULL, 'Batería', 'Grupal', 2, '19:00 a 20:00 Ma', '2024-06-04', 'Inscripción $0.00', '1350.00', 'TPV', 0, NULL, 'Activo', NULL, 1, '2025-09-01 21:54:18'),
(27, 'Axel Adrian Hernandez Martinez', 12, NULL, NULL, 'Guitarra', 'Grupal', 1, '19:00 a 20:00 Lu', '2024-05-31', 'Inscripción $0.00', '1350.00', 'TPV', 0, NULL, 'Activo', NULL, 1, '2025-09-01 21:54:18'),
(28, 'Leonardo Arturo Gomez Lopez', 8, NULL, NULL, 'Guitarra', 'Grupal', 4, '16:00 a 18:00 Mi', '2024-07-05', 'Inscripción $0.00', '1350.00', 'TPV', 0, NULL, 'Activo', NULL, 1, '2025-09-01 21:54:18'),
(29, 'Rui Ortiz', 16, NULL, NULL, 'Guitarra', 'Grupal', 1, '19:00 a 20:00 Vi', '2024-07-05', 'Inscripción $0.00', '1350.00', 'TPV', 0, NULL, 'Baja', NULL, 1, '2025-09-01 21:54:18'),
(30, 'Manuel Santiago Mendoza', 15, NULL, NULL, 'Guitarra', 'Grupal', 4, '16:00 a 18:00 Ju', '2024-07-04', 'Inscripción $0.00', '1350.00', 'TPV', 0, NULL, 'Activo', NULL, 1, '2025-09-01 21:54:18'),
(31, 'Yoanna Barrios', 30, NULL, NULL, 'Teclado', 'Grupal', 7, '11:00 a 12:00 Ju', '2024-07-18', 'Inscripción $0.00', '1500.00', 'Transferencia', 0, NULL, 'Baja', NULL, 1, '2025-09-01 21:54:18'),
(32, 'Yoanna Barrios', 30, NULL, NULL, 'Canto', 'Grupal', 5, '11:00 a 12:00 Ju', '2024-07-18', 'Inscripción $0.00', '1500.00', 'Transferencia', 0, NULL, 'Baja', NULL, 1, '2025-09-01 21:54:18'),
(33, 'Rebeca Ramirez', 35, NULL, NULL, 'Batería', 'Grupal', 2, '19:00 a 20:00 Vi', '2024-09-01', 'Inscripción $0.00', '1250.00', 'TPV', 0, NULL, 'Baja', NULL, 1, '2025-09-01 21:54:18'),
(34, 'Rebeca Ramirez', 35, NULL, NULL, 'Canto', 'Grupal', 5, '18:00 a 19:00 Vi', '2024-09-01', 'Inscripción $0.00', '1500.00', 'TPV', 0, NULL, 'Baja', NULL, 1, '2025-09-01 21:54:18'),
(35, 'Luis Alberto Guizar Garcia', 40, NULL, NULL, 'Canto', 'Grupal', 5, '13:00 a 14:00 Sa', '2024-09-05', 'Inscripción $0.00', '1350.00', 'TPV', 0, NULL, 'Baja', NULL, 1, '2025-09-01 21:54:18'),
(36, 'Alejandro Quijano', 35, NULL, NULL, 'Teclado', 'Grupal', 7, '18:00 a 19:00 Lu', '2024-08-28', 'Inscripción $0.00', '1350.00', 'TPV', 0, NULL, 'Baja', NULL, 1, '2025-09-01 21:54:18'),
(37, 'Oscar Godinez Martinez', 44, NULL, NULL, 'Guitarra', 'Grupal', 4, '11:00 a 12:00 Sa', '2024-08-31', 'Inscripción $0.00', '1350.00', 'TPV', 0, NULL, 'Activo', NULL, 1, '2025-09-01 21:54:18'),
(38, 'Alexis Cordova', 39, NULL, NULL, 'Bajo', 'Grupal', 6, '17:00 a 18:00 Mi', '2024-09-13', 'Inscripción $0.00', '1350.00', 'TPV', 0, NULL, 'Activo', NULL, 1, '2025-09-01 21:54:18'),
(39, 'Edgar Javier Chavez Reyes', 45, NULL, NULL, 'Guitarra', 'Grupal', 1, '19:00 a 20:00 Lu', '2024-09-29', 'Inscripción $0.00', '1350.00', 'TPV', 0, NULL, 'Baja', NULL, 1, '2025-09-01 21:54:18'),
(40, 'Ares Maximiliano Gonzalez', 7, NULL, NULL, 'Batería', 'Grupal', 3, '17:00 a 18:00 Mi', '2024-10-02', 'Inscripción $0.00', '1275.00', 'TPV', 0, NULL, 'Baja', NULL, 1, '2025-09-01 21:54:18'),
(41, 'Mateo Gonzalez', 11, NULL, NULL, 'Teclado', 'Grupal', 7, '17:00 a 18:00 Mi', '2024-10-02', 'Inscripción $0.00', '1275.00', 'TPV', 0, NULL, 'Baja', NULL, 1, '2025-09-01 21:54:18'),
(42, 'Luis Fernando Ferruzca Perez', 5, NULL, NULL, 'Batería', 'Grupal', 2, '19:00 a 20:00 Vi', '2024-10-05', 'Inscripción $0.00', '1350.00', 'TPV', 0, NULL, 'Baja', NULL, 1, '2025-09-01 21:54:18'),
(43, 'Luciano Gastelum Crosby', 11, NULL, NULL, 'Batería', 'Grupal', 2, '18:00 a 19:00 Mi', '2024-10-05', 'Inscripción $0.00', '1350.00', 'TPV', 0, NULL, 'Activo', NULL, 1, '2025-09-01 21:54:18'),
(44, 'Victor Eduardo Caballero Nieto', 24, NULL, NULL, 'Teclado', 'Grupal', 7, '19:00 a 20:00 Mi', '2024-10-05', 'Inscripción $0.00', '1350.00', 'TPV', 0, NULL, 'Baja', NULL, 1, '2025-09-01 21:54:18'),
(45, 'Dulce Yael Tarrios', 23, NULL, NULL, 'Canto', 'Grupal', 5, '15:00 a 16:00 Sa', '2024-10-05', 'Inscripción $0.00', '1350.00', 'TPV', 0, NULL, 'Baja', NULL, 1, '2025-09-01 21:54:18'),
(46, 'Jorge Armando Hernandez', 39, NULL, NULL, 'Batería', 'Grupal', 2, '18:00 a 19:00 Lu', '2024-10-07', 'Inscripción $0.00', '1125.00', 'TPV', 0, NULL, 'Baja', NULL, 1, '2025-09-01 21:54:18'),
(47, 'Ivan Eidan Espinosa', 42, NULL, NULL, 'Guitarra', 'Grupal', 1, '16:00 a 17:00 Mi', '2024-09-27', 'Inscripción $0.00', '1125.00', 'TPV', 0, NULL, 'Baja', NULL, 1, '2025-09-01 21:54:18'),
(48, 'Ivan Eidan Espinosa', 42, NULL, NULL, 'Canto', 'Grupal', 5, '14:00 a 15:00 Sa', '2024-09-27', 'Inscripción $0.00', '1125.00', 'TPV', 0, NULL, 'Baja', NULL, 1, '2025-09-01 21:54:18'),
(49, 'Nicolas Gutierrez Rebollo', 5, NULL, NULL, 'Teclado', 'Grupal', 7, '11:00 a 12:00 Sa', '2024-11-09', 'Inscripción $0.00', '1500.00', 'TPV', 0, NULL, 'Baja', NULL, 1, '2025-09-01 21:54:18'),
(50, 'Luis Mario Oropeza', 40, NULL, NULL, 'Canto', 'Grupal', 5, '15:00 a 16:00 Mi', '2024-11-25', 'Inscripción $0.00', '1500.00', 'TPV', 0, NULL, 'Baja', NULL, 1, '2025-09-01 21:54:18'),
(51, 'Luis Mario Oropeza', 40, NULL, NULL, 'Guitarra', 'Grupal', 4, '16:00 a 17:00 Mi', '2024-11-25', 'Inscripción $0.00', '1500.00', 'TPV', 0, NULL, 'Baja', NULL, 1, '2025-09-01 21:54:18'),
(52, 'Leonardo Saul Ayala Vaca', 10, NULL, NULL, 'Guitarra', 'Grupal', 2, '19:00 a 20:00 Mi', '2024-12-10', 'Inscripción $0.00', '1500.00', 'Transferencia', 0, NULL, 'Activo', NULL, 1, '2025-09-01 21:54:18'),
(53, 'Elian Matias Ayala Vaca', 10, NULL, NULL, 'Batería', 'Grupal', 4, '19:00 a 20:00 Mi', '2024-12-10', 'Inscripción $0.00', '1500.00', 'Transferencia', 0, NULL, 'Activo', NULL, 1, '2025-09-01 21:54:18'),
(54, 'Carlos Bennet', 21, NULL, NULL, 'Bajo', 'Grupal', 6, '19:00 a 20:00 Lu', '2024-12-02', 'Inscripción $0.00', '1500.00', 'TPV', 0, NULL, 'Baja', NULL, 1, '2025-09-01 21:54:18'),
(55, 'Leonardo Perez Gomez', 14, NULL, NULL, 'Batería', 'Grupal', 2, '11:00 a 12:00 Sa', '2024-11-09', 'Inscripción $0.00', '1500.00', 'TPV', 0, NULL, 'Baja', NULL, 1, '2025-09-01 21:54:18'),
(56, 'Cristopher Rafael Huerta Robledo', 24, NULL, NULL, 'Teclado', 'Grupal', 7, '19:00 a 20:00 Ma', '2025-01-07', 'Inscripción $0.00', '1500.00', 'TPV', 0, NULL, 'Baja', NULL, 1, '2025-09-01 21:54:18'),
(57, 'Sergio Hector Rivera Trejo', 6, NULL, NULL, 'Batería', 'Grupal', 2, '12:00 a 13:00 Sa', '2025-01-11', 'Inscripción $0.00', '1500.00', 'Transferencia', 0, NULL, 'Activo', NULL, 1, '2025-09-01 21:54:18'),
(58, 'Mariana Diaz Garcia', 30, NULL, NULL, 'Guitarra', 'Grupal', 4, '17:00 a 18:00 Ma', '2025-01-21', 'Inscripción $0.00', '1500.00', 'TPV', 0, NULL, 'Activo', NULL, 1, '2025-09-01 21:54:18'),
(59, 'Arath Martinez Gomez', 9, NULL, NULL, 'Batería', 'Grupal', 3, 'Vie 17:00 a 18:00', '2024-12-20', 'Inscripción $0.00', '1500.00', 'TPV', 0, NULL, 'Activo', NULL, 1, '2025-09-01 21:54:18'),
(60, 'Carlos Alejandro Maya Rodriguez', 30, NULL, NULL, 'Canto', 'Grupal', 5, 'Lun y Mie 18:00 a 19:00', '2025-01-29', 'Inscripción $0.00', '1500.00', 'TPV', 0, NULL, 'Activo', NULL, 1, '2025-09-01 21:54:18'),
(61, 'Paulina Yazmin Vallejo Nava', 15, NULL, NULL, 'Batería', 'Grupal', 2, 'Ma 18:00 a 19:00', '2025-01-28', 'Inscripción $0.00', '1500.00', 'Efectivo', 0, NULL, 'Baja', NULL, 1, '2025-09-01 21:54:18'),
(62, 'Diego Alonso Grajeda', 12, NULL, NULL, 'Batería', 'Grupal', 2, 'Lun y Mie 18:00 a 19:00', '2025-03-19', 'Inscripción $0.00', '1500.00', 'Transferencia', 0, NULL, 'Activo', NULL, 1, '2025-09-01 21:54:18'),
(63, 'David Alejandro Allende Avila', 49, NULL, NULL, 'Canto', 'Grupal', 5, 'Jue 19:00 a 20:00', '2025-03-28', 'Inscripción $0.00', '1500.00', 'TPV', 0, NULL, 'Baja', NULL, 1, '2025-09-01 21:54:18'),
(64, 'Cesar Augusto Ancona Tellez', 19, NULL, NULL, 'Guitarra', 'Grupal', 4, '16:00 a 17:00 Lun', '2025-04-21', 'Inscripción $0.00', '1500.00', 'TPV', 0, NULL, 'Baja', NULL, 1, '2025-09-01 21:54:18'),
(65, 'Eitan Peña Gonzalez', 15, NULL, NULL, 'Guitarra', 'Grupal', 4, 'Sab 12:00 a 13:00', '2025-02-15', 'Inscripción $0.00', '1500.00', 'Transferencia', 0, NULL, 'Activo', NULL, 1, '2025-09-01 21:54:18'),
(66, 'Irving Omar Pacheco Flores', 27, NULL, NULL, 'Guitarra', 'Grupal', 4, 'Jue 19:00 a 20:00', '2025-03-04', 'Inscripción $0.00', '1500.00', 'Efectivo', 0, NULL, 'Baja', NULL, 1, '2025-09-01 21:54:18'),
(67, 'Luis Tadeo Diaz Servín', 15, NULL, NULL, 'Bajo', 'Grupal', 6, 'Ma 17:00 a 18:00', '2025-03-25', 'Inscripción $0.00', '1500.00', 'Efectivo', 0, NULL, 'Activo', NULL, 1, '2025-09-01 21:54:18'),
(68, 'Gerardo Alexis Ayala Castillo', NULL, NULL, NULL, 'Guitarra', 'Grupal', 4, '', '2025-03-26', 'Inscripción $0.00', '1500.00', 'TPV', 0, NULL, 'Baja', NULL, 1, '2025-09-01 21:54:18'),
(69, 'Andrés Daza Flores', NULL, NULL, NULL, 'Guitarra', 'Grupal', 4, 'Jue 18:00 a 19:00', '2025-05-15', 'Inscripción $0.00', '1500.00', 'Efectivo', 0, NULL, 'Activo', NULL, 1, '2025-09-01 21:54:18'),
(70, 'Marty Isabela Alcaraz', NULL, NULL, NULL, 'Guitarra', 'Grupal', 4, 'Jue 16:00 a 17:00', '2025-05-08', 'Inscripción $0.00', '1500.00', 'Efectivo', 0, NULL, 'Activo', NULL, 1, '2025-09-01 21:54:18'),
(71, 'Mario Andrés Alpízar Venegas', NULL, NULL, NULL, 'Guitarra', 'Grupal', 4, 'Sab 11:00 a 12:00', '2025-05-27', 'Inscripción $0.00', '1500.00', 'TPV', 0, NULL, 'Activo', NULL, 1, '2025-09-01 21:54:18'),
(72, 'Felix Santamaría Peña', NULL, NULL, NULL, 'Batería', 'Grupal', 2, 'Sab 11:00 a 12:00', '2025-05-17', 'Inscripción $0.00', '1500.00', 'TPV', 0, NULL, 'Activo', NULL, 1, '2025-09-01 21:54:18'),
(73, 'Gerardo Tadeo Yépez Padilla', NULL, NULL, NULL, 'Batería', 'Grupal', 2, 'Mie16:00 a 17:00', '2025-05-20', 'Inscripción $0.00', '1500.00', 'TPV', 0, NULL, 'Activo', NULL, 1, '2025-09-01 21:54:18'),
(74, 'Itzel Ameyalli Lechuga Valero', NULL, NULL, NULL, 'Canto', 'Grupal', 5, 'Lun 16:00 a 17:00', '2025-05-19', 'Inscripción $0.00', '1500.00', 'TPV', 0, NULL, 'Activo', NULL, 1, '2025-09-01 21:54:18'),
(75, 'Iktan Nezzo Buendía Ramírez', 14, NULL, NULL, 'Guitarra', 'Grupal', 4, '', '2025-06-04', 'Inscripción $0.00', '1500.00', 'TPV', 0, NULL, 'Baja', NULL, 1, '2025-09-01 21:54:18'),
(76, 'Santiago Bustamante', 6, NULL, NULL, 'Batería', 'Grupal', 3, '', '2025-06-12', 'Inscripción $0.00', '1500.00', 'TPV', 0, NULL, 'Baja', NULL, 1, '2025-09-01 21:54:18'),
(77, 'Luna Daniela Flores Alvarez', 16, NULL, NULL, 'Teclado', 'Grupal', 7, '', '2025-06-25', 'Inscripción $0.00', '1500.00', 'TPV', 0, NULL, 'Activo', NULL, 1, '2025-09-01 21:54:18'),
(78, 'Max Flores Alvarez', NULL, NULL, NULL, 'Guitarra', 'Grupal', 4, '', '2025-06-25', 'Inscripción $0.00', '1500.00', 'TPV', 0, NULL, 'Activo', NULL, 1, '2025-09-01 21:54:18'),
(79, 'Cristopher Eduardo Lopez Guzman', 30, NULL, NULL, 'Canto', 'Grupal', 5, '', '2025-06-21', 'Inscripción $0.00', '1500.00', 'TPV', 0, NULL, 'Activo', NULL, 1, '2025-09-01 21:54:18'),
(80, 'Edwin Kevin Salazar Saenz', 31, NULL, NULL, 'Guitarra', 'Grupal', 4, '', '2025-06-23', 'Inscripción $0.00', '1500.00', 'Efectivo', 0, NULL, 'Activo', NULL, 1, '2025-09-01 21:54:18'),
(81, 'Abril Torres Jimenez', 17, NULL, NULL, 'Batería', 'Grupal', 3, '', '2025-06-27', 'Inscripción $0.00', '1500.00', 'TPV', 0, NULL, 'Activo', NULL, 1, '2025-09-01 21:54:18'),
(82, 'Aileen Muñoa', NULL, NULL, NULL, 'Teclado', 'Grupal', 7, '', '2025-06-27', 'Inscripción $0.00', '1500.00', 'TPV', 0, NULL, 'Activo', NULL, 1, '2025-09-01 21:54:18'),
(83, 'Maria de Lourdes Galindo Becerra', NULL, NULL, NULL, 'Teclado', 'Grupal', 7, '', '2025-05-31', 'Inscripción $0.00', '1500.00', 'Efectivo', 0, NULL, 'Baja', NULL, 1, '2025-09-01 21:54:18'),
(84, 'Sofia Patiño Gonzalez', NULL, NULL, NULL, 'Teclado', 'Grupal', 7, '', '2025-05-31', 'Inscripción $0.00', '1500.00', 'Efectivo', 0, NULL, 'Baja', NULL, 1, '2025-09-01 21:54:18'),
(85, 'Santiago Rosas Estrada', 23, NULL, NULL, 'Batería', 'Grupal', 2, '', '2025-06-17', 'Inscripción $0.00', '1500.00', 'Becado', 0, NULL, 'Activo', NULL, 1, '2025-09-01 21:54:18'),
(86, 'Romina Rojas Aviles', NULL, NULL, NULL, 'Guitarra', 'Grupal', 4, '', '2025-05-30', 'Inscripción $0.00', '1500.00', 'TPV', 0, NULL, 'Baja', NULL, 1, '2025-09-01 21:54:18'),
(87, 'Axel Emiliano Rojas Aviles', NULL, NULL, NULL, 'Batería', 'Grupal', 3, '', '2025-05-30', 'Inscripción $0.00', '1500.00', 'TPV', 0, NULL, 'Baja', NULL, 1, '2025-09-01 21:54:18'),
(88, 'Veronica Ramirez Ruano', NULL, NULL, NULL, 'Guitarra', 'Grupal', 1, '', '2025-06-30', 'Inscripción $0.00', '1500.00', 'TPV', 0, NULL, 'Activo', NULL, 1, '2025-09-01 21:54:18'),
(89, 'Aisee Nuñez Lopez', NULL, NULL, NULL, 'Guitarra', 'Grupal', 4, 'Sab 12:00 a 13:00', '2025-07-12', 'Inscripción $0.00', '1500.00', 'TPV', 0, NULL, 'Activo', NULL, 1, '2025-09-01 21:54:18'),
(90, 'Alejandro Paris Hernandez Suarez', NULL, NULL, NULL, 'Guitarra', 'Grupal', 1, 'Lun 19:00 a 20:00', '2025-07-21', 'Inscripción $0.00', '1500.00', 'TPV', 0, NULL, 'Activo', NULL, 1, '2025-09-01 21:54:18'),
(91, 'Ayin Michelle Peña Gonzalez', NULL, NULL, NULL, 'Canto', 'Grupal', 5, 'Mie 17:00 a 18:00', '2025-07-23', 'Inscripción $0.00', '1500.00', 'Efectivo', 0, NULL, 'Baja', NULL, 1, '2025-09-01 21:54:18'),
(92, 'Daniel Yamir Quiroz Dias', NULL, NULL, NULL, 'Batería', 'Grupal', 3, 'Jue 15:00 a 16:00', '2025-07-28', 'Inscripción $0.00', '1500.00', 'Transferencia', 0, NULL, 'Activo', NULL, 1, '2025-09-01 21:54:18'),
(93, 'Fabricio Tello Hernandez', NULL, NULL, NULL, 'Canto', 'Grupal', 5, 'Sab 11:00 a 12:00', '2025-07-05', 'Inscripción $0.00', '1500.00', 'TPV', 0, NULL, 'Baja', NULL, 1, '2025-09-01 21:54:18'),
(94, 'Joshua Chanampa Villada', NULL, NULL, NULL, 'Canto', 'Grupal', 5, 'Jue 17:00 a 19:00', '2025-07-02', 'Inscripción $0.00', '1500.00', 'TPV', 0, NULL, 'Activo', NULL, 1, '2025-09-01 21:54:18'),
(95, 'Joshua Chanampa Villada', NULL, NULL, NULL, 'Guitarra', 'Grupal', 4, 'Vie 16:00 a 18:00', '2025-07-02', 'Inscripción $0.00', '1500.00', 'TPV', 0, NULL, 'Activo', NULL, 1, '2025-09-01 21:54:18'),
(96, 'Vanessa Desire Maya Bermudez', NULL, NULL, NULL, 'Batería', 'Grupal', 2, 'Ma 18:00 a 19:00', '2025-07-29', 'Inscripción $0.00', '1500.00', 'TPV', 0, NULL, 'Activo', NULL, 1, '2025-09-01 21:54:18'),
(97, 'Xanat Yamil Carmona Jimenez', NULL, NULL, NULL, 'Canto', 'Grupal', 5, 'Sa 13:00 a 14:00', '2025-07-26', 'Inscripción $0.00', '1500.00', 'TPV', 0, NULL, 'Activo', NULL, 1, '2025-09-01 21:54:18'),
(98, 'Pamela Gutierrez Carrillo', NULL, NULL, NULL, 'Batería', 'Grupal', 2, 'Mie 17:00 a 18:00', '2025-07-31', 'Inscripción $0.00', '1500.00', 'TPV', 0, NULL, 'Activo', NULL, 1, '2025-09-01 21:54:18'),
(99, 'Arianne Nahomy Rodriguez Grajeda', NULL, NULL, NULL, 'Teclado', 'Grupal', 7, 'Lun y Vie 18:00 a 19:00', '2025-08-04', 'Inscripción $0.00', '1500.00', 'TPV', 0, NULL, 'Activo', NULL, 1, '2025-09-01 21:54:18'),
(100, 'Montserrat Paulina Talavera Huarcacha', NULL, NULL, NULL, 'Teclado', 'Grupal', 8, '', '2025-08-25', 'Inscripción $0.00', '1500.00', 'Transferencia', 0, NULL, 'Activo', NULL, 1, '2025-09-01 21:54:18'),
(101, 'Diego Yael Cano Soto', 17, NULL, NULL, 'Guitarra', 'Individual', 4, 'Lun 16:00 a 17:00, Mar 17:00 a 18:00', '2025-09-03', 'Ninguna', '2300.00', 'Transferencia', 0, NULL, 'Activo', NULL, 1, '2025-09-03 23:49:04'),
(102, 'Emilia Delgado Alexander', 5, NULL, NULL, 'Teclado', 'Individual', 8, 'Viernes 17:00 a 18:00', '2025-09-02', '2 meses costo $0, Ago y Sep 2025', '1275.00', 'TPV', 0, NULL, 'Activo', NULL, 1, '2025-09-04 00:02:56'),
(103, 'Emiliano Alberto Cano Soto', 15, NULL, NULL, 'Batería', 'Individual', 3, NULL, '2025-09-02', NULL, '2300.00', 'Transferencia', 0, NULL, 'Activo', NULL, 1, '2025-09-04 00:02:56'),
(104, '[ELIMINADO] Alumno Dummy', 20, NULL, NULL, 'Guitarra', 'Individual', 1, NULL, '2025-09-04', NULL, '1200.00', 'Efectivo', 0, NULL, 'Baja', NULL, 1, '2025-09-04 00:46:00');

-- --------------------------------------------------------

--
-- Estructura de tabla para la tabla `clientes`
--

CREATE TABLE `clientes` (
  `id` int(11) NOT NULL,
  `nombre` varchar(150) NOT NULL,
  `telefono` varchar(20) DEFAULT NULL,
  `email` varchar(100) DEFAULT NULL,
  `empresa_id` int(11) NOT NULL,
  `tipo` enum('alumno','externo') DEFAULT 'externo',
  `created_at` timestamp NULL DEFAULT CURRENT_TIMESTAMP,
  `updated_at` timestamp NULL DEFAULT CURRENT_TIMESTAMP ON UPDATE CURRENT_TIMESTAMP
) ENGINE=InnoDB DEFAULT CHARSET=utf8mb4 COLLATE=utf8mb4_0900_ai_ci;

-- --------------------------------------------------------

--
-- Estructura de tabla para la tabla `empresas`
--

CREATE TABLE `empresas` (
  `id` int(11) NOT NULL,
  `nombre` varchar(100) NOT NULL,
  `tipo_negocio` varchar(100) NOT NULL,
  `activa` tinyint(1) DEFAULT '1',
  `created_at` timestamp NULL DEFAULT CURRENT_TIMESTAMP,
  `updated_at` timestamp NULL DEFAULT CURRENT_TIMESTAMP ON UPDATE CURRENT_TIMESTAMP
) ENGINE=InnoDB DEFAULT CHARSET=utf8mb4 COLLATE=utf8mb4_0900_ai_ci;

--
-- Volcado de datos para la tabla `empresas`
--

INSERT INTO `empresas` (`id`, `nombre`, `tipo_negocio`, `activa`, `created_at`) VALUES
(1, 'Rockstar Skull', 'Academia de Música', 1, '2025-09-01 21:54:17'),
(2, 'Symbiot Technologies', 'Desarrollo IoT y Aplicaciones', 1, '2025-09-01 21:54:17');

-- --------------------------------------------------------

--
-- Estructura de tabla para la tabla `maestros`
--

CREATE TABLE `maestros` (
  `id` int(11) NOT NULL,
  `nombre` varchar(100) NOT NULL,
  `email` varchar(100) DEFAULT NULL,
  `telefono` varchar(20) DEFAULT NULL,
  `especialidad` varchar(100) DEFAULT NULL,
  `empresa_id` int(11) NOT NULL,
  `activo` tinyint(1) DEFAULT '1',
  `created_at` timestamp NULL DEFAULT CURRENT_TIMESTAMP
) ENGINE=InnoDB DEFAULT CHARSET=utf8mb4 COLLATE=utf8mb4_0900_ai_ci;

--
-- Volcado de datos para la tabla `maestros`
--

INSERT INTO `maestros` (`id`, `nombre`, `email`, `telefono`, `especialidad`, `empresa_id`, `activo`, `created_at`) VALUES
(1, 'Hugo Vazquez', 'hugo.vazquez@rockstarskull.com', NULL, 'Director y Guitarra Eléctrica', 1, 1, '2025-09-01 21:54:17'),
(2, 'Julio Olvera', 'julio@rockstarskull.com', NULL, 'Batería', 1, 1, '2025-09-01 21:54:17'),
(3, 'Demian Andrade', 'demian@rockstarskull.com', NULL, 'Batería', 1, 1, '2025-09-01 21:54:17'),
(4, 'Irwin Hernandez', 'irwin@rockstarskull.com', NULL, 'Guitarra Eléctrica', 1, 1, '2025-09-01 21:54:17'),
(5, 'Nahomy Perez', 'nahomy@rockstarskull.com', NULL, 'Canto', 1, 1, '2025-09-01 21:54:17'),
(6, 'Luis Blanquet', 'luis@rockstarskull.com', NULL, 'Bajo Eléctrico', 1, 1, '2025-09-01 21:54:17'),
(7, 'Manuel Reyes', 'manuel@rockstarskull.com', NULL, 'Piano/Teclado', 1, 1, '2025-09-01 21:54:17'),
(8, 'Harim Lopez', 'harim.lopez@rockstarskull.com', NULL, 'Piano/Teclado', 1, 1, '2025-09-01 21:54:17');

-- --------------------------------------------------------

--
-- Estructura de tabla para la tabla `pagos_mensuales`
--

CREATE TABLE `pagos_mensuales` (
  `id` bigint(20) NOT NULL,
  `alumno_id` int(11) NOT NULL,
  `año` int(11) NOT NULL,
  `mes` int(11) NOT NULL COMMENT '1=Enero, 2=Febrero, ..., 12=Diciembre',
  `monto_pagado` decimal(8,2) NOT NULL DEFAULT '0.00',
  `fecha_pago` date DEFAULT NULL,
  `metodo_pago` varchar(50) DEFAULT NULL,
  `notas` text,
  `created_at` timestamp NULL DEFAULT CURRENT_TIMESTAMP
) ENGINE=InnoDB DEFAULT CHARSET=utf8mb4 COLLATE=utf8mb4_0900_ai_ci;

-- --------------------------------------------------------

--
-- Estructura de tabla para la tabla `staff`
--

CREATE TABLE `staff` (
  `id` int(11) NOT NULL,
  `nombre` varchar(100) NOT NULL,
  `email` varchar(100) DEFAULT NULL,
  `telefono` varchar(20) DEFAULT NULL,
  `puesto` varchar(100) NOT NULL,
  `empresa_id` int(11) NOT NULL,
  `activo` tinyint(1) DEFAULT '1',
  `created_at` timestamp NULL DEFAULT CURRENT_TIMESTAMP
) ENGINE=InnoDB DEFAULT CHARSET=utf8mb4 COLLATE=utf8mb4_0900_ai_ci;

--
-- Volcado de datos para la tabla `staff`
--

INSERT INTO `staff` (`id`, `nombre`, `email`, `telefono`, `puesto`, `empresa_id`, `activo`, `created_at`) VALUES
(1, 'Marco Delgado', 'marco.delgado@symbiot.com.mx', NULL, 'Financial Manager', 2, 1, '2025-09-01 21:54:17'),
(2, 'Antonio Razo', 'antonio.razo@symbiot.com.mx', NULL, 'Marketing Manager', 2, 1, '2025-09-01 21:54:17'),
(3, 'Santiago Rosas', 'santiago.rosas@rockstarskull.com', NULL, 'Staff Leader', 1, 1, '2025-09-01 21:54:17'),
(4, 'Emiliano Rosas', 'emiliano.rosas@rockstarskull.com', NULL, 'MKT Leader', 1, 1, '2025-09-01 21:54:17'),
(5, 'Maria de la Luz Nava', 'maria.nava@rockstarskull.com', NULL, 'Cleaning Concierge', 1, 1, '2025-09-01 21:54:17');

-- --------------------------------------------------------

--
-- Estructura de tabla para la tabla `transacciones`
--

CREATE TABLE `transacciones` (
  `id` bigint(20) NOT NULL,
  `fecha` date NOT NULL,
  `concepto` varchar(500) NOT NULL,
  `socio` varchar(50) NOT NULL,
  `cliente_id` int(11) DEFAULT NULL,
  `empresa_id` int(11) NOT NULL,
  `forma_pago` varchar(50) NOT NULL,
  `cantidad` decimal(10,2) NOT NULL,
  `precio_unitario` decimal(15,2) NOT NULL,
  `total` decimal(17,2) GENERATED ALWAYS AS ((`cantidad` * `precio_unitario`)) STORED,
  `tipo` enum('G','I') NOT NULL COMMENT 'G=Gasto, I=Ingreso',
  `created_by` int(11) NOT NULL,
  `created_at` timestamp NULL DEFAULT CURRENT_TIMESTAMP,
  `updated_at` timestamp NULL DEFAULT CURRENT_TIMESTAMP ON UPDATE CURRENT_TIMESTAMP
) ;

--
-- Volcado de datos para la tabla `transacciones`
--

INSERT INTO `transacciones` (`id`, `fecha`, `concepto`, `socio`, `cliente_id`, `empresa_id`, `forma_pago`, `cantidad`, `precio_unitario`, `tipo`, `created_by`, `created_at`) VALUES
(1, '2023-03-31', 'Domino y Cuentas Rockstarskull', 'Antonio Razo', NULL, 1, 'TDC', '1.00', '569.00', 'G', 2, '2025-09-01 21:54:18'),
(2, '2023-03-31', 'Logo', 'Antonio Razo', NULL, 1, 'Transferencia', '1.00', '1000.00', 'G', 2, '2025-09-01 21:54:18'),
(3, '2023-04-26', 'Certificado SSL symbiot-technologies.com', 'Marco Delgado', NULL, 2, 'TDC', '1.00', '519.68', 'G', 1, '2025-09-01 21:54:18'),
(4, '2023-04-26', 'Servicio Hosting y Dominio symbiot-technologies.com', 'Marco Delgado', NULL, 2, 'TDC', '1.00', '893.20', 'G', 1, '2025-09-01 21:54:18'),
(5, '2023-04-27', 'Servicio Hosting y Dominio Symbiot.com.mx', 'Marco Delgado', NULL, 2, 'TDC', '1.00', '1010.82', 'G', 1, '2025-09-01 21:54:18'),
(6, '2023-05-05', 'Videos de Frank Abril', 'Marco Delgado', NULL, 1, 'Transferencia', '4.00', '200.00', 'G', 1, '2025-09-01 21:54:18'),
(7, '2023-05-13', 'Investigación jurídica', 'Antonio Razo', NULL, 1, 'Transferencia', '1.00', '6000.00', 'G', 2, '2025-09-01 21:54:18'),
(8, '2023-05-13', 'Servicios de Tramite', 'Antonio Razo', NULL, 1, 'Transferencia', '1.00', '2000.00', 'G', 2, '2025-09-01 21:54:18'),
(9, '2023-05-17', 'Renta 1 de 12 Local, pago por adelantado', 'Marco Delgado', NULL, 1, 'Transferencia', '1.00', '12000.00', 'G', 1, '2025-09-01 21:54:18'),
(10, '2023-05-17', 'Depósito de arrendamiento', 'Antonio Razo', NULL, 1, 'Transferencia', '1.00', '12000.00', 'G', 2, '2025-09-01 21:54:18'),
(11, '2023-05-17', 'Cinta metrica 5m', 'Marco Delgado', NULL, 1, 'Efectivo', '1.00', '60.00', 'G', 1, '2025-09-01 21:54:18'),
(12, '2023-05-22', 'Videos de Frank Mayo', 'Marco Delgado', NULL, 1, 'Transferencia', '6.00', '200.00', 'G', 1, '2025-09-01 21:54:18'),
(13, '2023-05-23', 'Cámara IP PTZ Exterior v380Pro', 'Marco Delgado', NULL, 1, 'TDC', '1.00', '1349.00', 'G', 1, '2025-09-01 21:54:18'),
(14, '2023-05-23', 'Cámara IP PTZ Interior v380Pro', 'Marco Delgado', NULL, 1, 'TDC', '1.00', '298.00', 'G', 1, '2025-09-01 21:54:18'),
(15, '2023-05-23', 'Cámara IP Visión Nocturna Interior v380Pro', 'Marco Delgado', NULL, 1, 'TDC', '3.00', '317.72', 'G', 1, '2025-09-01 21:54:18'),
(16, '2023-05-23', 'Memoria MicroSD 64Gb', 'Marco Delgado', NULL, 1, 'TDC', '5.00', '129.00', 'G', 1, '2025-09-01 21:54:18'),
(17, '2023-05-23', 'Cargador 5V 2A', 'Marco Delgado', NULL, 1, 'TDC', '3.00', '95.99', 'G', 1, '2025-09-01 21:54:18'),
(18, '2023-05-30', 'Ampli Orange 32RT', 'Hugo Vazquez', NULL, 1, 'Efectivo', '1.00', '8250.00', 'G', 3, '2025-09-01 21:54:18'),
(19, '2023-05-30', 'Ampli Blackstar ID CORE 100', 'Hugo Vazquez', NULL, 1, 'Efectivo', '1.00', '13419.00', 'G', 3, '2025-09-01 21:54:18'),
(20, '2023-05-30', 'Jackson Monarkh', 'Hugo Vazquez', NULL, 1, 'Efectivo', '2.00', '7598.00', 'G', 3, '2025-09-01 21:54:18'),
(21, '2023-05-30', 'Foot switch', 'Hugo Vazquez', NULL, 1, 'Efectivo', '1.00', '2315.00', 'G', 3, '2025-09-01 21:54:18'),
(22, '2023-05-30', 'Baterías Alesis Nitro Mesh Kit', 'Hugo Vazquez', NULL, 1, 'TDC', '2.00', '7599.00', 'G', 3, '2025-09-01 21:54:18'),
(23, '2023-05-31', 'Ventilador de torre 34\"', 'Marco Delgado', NULL, 1, 'TDC', '3.00', '809.00', 'G', 1, '2025-09-01 21:54:18'),
(24, '2023-05-31', 'Extintor ABC 6Kg', 'Marco Delgado', NULL, 1, 'TDC', '1.00', '880.44', 'G', 1, '2025-09-01 21:54:18'),
(25, '2023-05-31', 'Tiras LED luz neon flex manguera con fuente 25m', 'Marco Delgado', NULL, 1, 'TDC', '3.00', '1094.83', 'G', 1, '2025-09-01 21:54:18'),
(26, '2023-05-31', 'Interruptor Sonoff', 'Marco Delgado', NULL, 1, 'TDC', '3.00', '135.63', 'G', 1, '2025-09-01 21:54:18'),
(27, '2023-05-31', 'Kit de señalización protección civil 10 piezas', 'Marco Delgado', NULL, 1, 'TDC', '1.00', '350.00', 'G', 1, '2025-09-01 21:54:18'),
(28, '2023-05-31', 'Videos de Frank bloque 3 de 4', 'Marco Delgado', NULL, 1, 'Transferencia', '3.00', '200.00', 'G', 1, '2025-09-01 21:54:18'),
(29, '2023-05-31', 'Silla eames negra', 'Marco Delgado', NULL, 1, 'TDC', '12.00', '474.75', 'G', 1, '2025-09-01 21:54:18'),
(30, '2023-06-02', 'Aislante acustico 1.22 x 2.44 Foamular 250', 'Marco Delgado', NULL, 1, 'TDC', '6.00', '499.00', 'G', 1, '2025-09-01 21:54:18'),
(31, '2023-06-02', 'Taquetes de madera', 'Marco Delgado', NULL, 1, 'TDC', '1.00', '14.67', 'G', 1, '2025-09-01 21:54:18'),
(32, '2023-06-02', 'Tornillos para madera', 'Marco Delgado', NULL, 1, 'TDC', '1.00', '79.00', 'G', 1, '2025-09-01 21:54:18'),
(33, '2023-06-02', 'Canes de madera', 'Marco Delgado', NULL, 1, 'TDC', '5.00', '55.00', 'G', 1, '2025-09-01 21:54:18'),
(34, '2023-06-02', 'Puerta tambor', 'Marco Delgado', NULL, 1, 'TDC', '5.00', '879.00', 'G', 1, '2025-09-01 21:54:18'),
(35, '2023-06-02', 'Canal de amarre', 'Marco Delgado', NULL, 1, 'TDC', '6.00', '71.00', 'G', 1, '2025-09-01 21:54:18'),
(36, '2023-06-02', 'Poste metálico', 'Marco Delgado', NULL, 1, 'TDC', '14.00', '70.00', 'G', 1, '2025-09-01 21:54:18'),
(37, '2023-06-02', 'Marco de madera puerta c bisagra', 'Marco Delgado', NULL, 1, 'TDC', '5.00', '735.00', 'G', 1, '2025-09-01 21:54:18'),
(38, '2023-06-04', 'Parte 1 de 2 Mano de obra y panel OSB 12mm', 'Marco Delgado', NULL, 1, 'Transferencia', '1.00', '7000.00', 'G', 1, '2025-09-01 21:54:18'),
(39, '2023-06-06', 'Fuente regulada 12V 5A', 'Marco Delgado', NULL, 1, 'TDC', '3.00', '368.65', 'G', 1, '2025-09-01 21:54:18'),
(40, '2023-06-06', 'Mini amplificador de Audio 600W', 'Marco Delgado', NULL, 1, 'TDC', '3.00', '443.43', 'G', 1, '2025-09-01 21:54:18'),
(41, '2023-06-06', 'Parte 2 de 2 Mano de obra y panel OSB 12mm', 'Marco Delgado', NULL, 1, 'Transferencia', '1.00', '10468.00', 'G', 1, '2025-09-01 21:54:18'),
(42, '2023-06-11', 'Compra de componentes eléctricos (Home Depot)', 'Antonio Razo', NULL, 1, 'TDC', '1.00', '1928.64', 'G', 2, '2025-09-01 21:54:18'),
(43, '2023-06-14', 'Compra de paneles acusticos Pi Acustica', 'Antonio Razo', NULL, 1, 'Transferencia', '1.00', '21942.34', 'G', 2, '2025-09-01 21:54:18'),
(44, '2023-06-15', 'Empastado con redimix y pintado de muros', 'Marco Delgado', NULL, 1, 'Transferencia', '1.00', '7621.00', 'G', 1, '2025-09-01 21:54:18'),
(45, '2023-06-16', 'Botiquin de Primeros Auxilios', 'Marco Delgado', NULL, 1, 'TDC', '1.00', '778.05', 'G', 1, '2025-09-01 21:54:18'),
(46, '2023-06-17', 'Botes de basura', 'Marco Delgado', NULL, 1, 'TDC', '5.00', '135.00', 'G', 1, '2025-09-01 21:54:18'),
(47, '2023-06-18', 'Aspiradora', 'Marco Delgado', NULL, 1, 'TDC', '1.00', '1078.00', 'G', 1, '2025-09-01 21:54:18'),
(48, '2023-06-19', 'Renta 2 de 12 Local', 'Antonio Razo', NULL, 1, 'Transferencia', '1.00', '11560.00', 'G', 2, '2025-09-01 21:54:18'),
(49, '2023-06-20', 'Videos de Frank 4/4 Mayo y 3/4 Junio', 'Marco Delgado', NULL, 1, 'Transferencia', '12.00', '200.00', 'G', 1, '2025-09-01 21:54:19'),
(50, '2023-06-21', 'Smart TV Led 32\" Amaz', 'Marco Delgado', NULL, 1, 'TDC', '1.00', '2598.00', 'G', 1, '2025-09-01 21:54:19'),
(51, '2023-06-23', 'Transferencia Boker a Marco cargo', 'Antonio Razo', NULL, 1, 'Transferencia', '1.00', '8224.88', 'G', 2, '2025-09-01 21:54:19'),
(52, '2023-06-23', 'Transferencia Boker a Marco abono', 'Marco Delgado', NULL, 1, 'Transferencia', '1.00', '8224.88', 'I', 1, '2025-09-01 21:54:19'),
(53, '2023-06-23', 'Recogedor', 'Marco Delgado', NULL, 1, 'TDC', '1.00', '75.00', 'G', 1, '2025-09-01 21:54:19'),
(54, '2023-06-23', 'Toalla manos', 'Marco Delgado', NULL, 1, 'TDC', '2.00', '69.00', 'G', 1, '2025-09-01 21:54:19'),
(55, '2023-06-23', 'Trapo', 'Marco Delgado', NULL, 1, 'TDC', '2.00', '18.00', 'G', 1, '2025-09-01 21:54:19'),
(56, '2023-06-23', 'Microfibra', 'Marco Delgado', NULL, 1, 'TDC', '2.00', '10.00', 'G', 1, '2025-09-01 21:54:19'),
(57, '2023-06-23', 'Fibra 3 x 14', 'Marco Delgado', NULL, 1, 'TDC', '3.00', '14.00', 'G', 1, '2025-09-01 21:54:19'),
(58, '2023-06-23', 'Pinol', 'Marco Delgado', NULL, 1, 'TDC', '1.00', '40.00', 'G', 1, '2025-09-01 21:54:19'),
(59, '2023-06-23', 'Jabon de manos Equate', 'Marco Delgado', NULL, 1, 'TDC', '1.00', '29.00', 'G', 1, '2025-09-01 21:54:19'),
(60, '2023-06-23', 'Cepillo para baño', 'Marco Delgado', NULL, 1, 'TDC', '1.00', '25.00', 'G', 1, '2025-09-01 21:54:19'),
(61, '2023-06-23', 'Cloralex', 'Marco Delgado', NULL, 1, 'TDC', '1.00', '14.50', 'G', 1, '2025-09-01 21:54:19'),
(62, '2023-06-23', 'Mini rodillo', 'Marco Delgado', NULL, 1, 'TDC', '1.00', '49.00', 'G', 1, '2025-09-01 21:54:19'),
(63, '2023-06-23', 'Glade desinfectante', 'Marco Delgado', NULL, 1, 'TDC', '1.00', '59.00', 'G', 1, '2025-09-01 21:54:19'),
(64, '2023-06-23', 'Guantes de hule 2 x 25', 'Marco Delgado', NULL, 1, 'TDC', '1.00', '50.00', 'G', 1, '2025-09-01 21:54:19'),
(65, '2023-06-23', 'Brocha', 'Marco Delgado', NULL, 1, 'TDC', '1.00', '25.00', 'G', 1, '2025-09-01 21:54:19'),
(66, '2023-06-23', 'Bomba para taza de baño', 'Marco Delgado', NULL, 1, 'TDC', '1.00', '69.50', 'G', 1, '2025-09-01 21:54:19'),
(67, '2023-06-23', 'Jerga', 'Marco Delgado', NULL, 1, 'TDC', '1.00', '26.00', 'G', 1, '2025-09-01 21:54:19'),
(68, '2023-06-23', 'Cepillo para retrete con base', 'Marco Delgado', NULL, 1, 'TDC', '1.00', '55.00', 'G', 1, '2025-09-01 21:54:19'),
(69, '2023-06-23', 'Papel de baño 4 rollos', 'Marco Delgado', NULL, 1, 'TDC', '1.00', '27.00', 'G', 1, '2025-09-01 21:54:19'),
(70, '2023-06-23', 'Jalador', 'Marco Delgado', NULL, 1, 'TDC', '1.00', '65.00', 'G', 1, '2025-09-01 21:54:19'),
(71, '2023-06-26', 'Anuncio luminoso Neon flex rojo', 'Marco Delgado', NULL, 1, 'Transferencia', '1.00', '3000.00', 'G', 1, '2025-09-01 21:54:19'),
(72, '2023-06-26', 'Caja de luz 2.10 x 1.20 logo translúcido (fabr + inst)', 'Marco Delgado', NULL, 1, 'Transferencia', '1.00', '9000.00', 'G', 1, '2025-09-01 21:54:19'),
(73, '2023-06-30', 'Mueble Recepción Michigan 1.10m frente', 'Marco Delgado', NULL, 1, 'Efectivo', '1.00', '3550.00', 'G', 1, '2025-09-01 21:54:19'),
(74, '2023-07-01', 'Pago de mantenimiento Julio', 'Antonio Razo', NULL, 1, 'Efectivo', '1.00', '440.00', 'G', 2, '2025-09-01 21:54:19'),
(75, '2023-07-04', 'Pizarrón blanco 80x120 cm', 'Marco Delgado', NULL, 1, 'TDC', '3.00', '849.00', 'G', 1, '2025-09-01 21:54:19'),
(76, '2023-07-04', 'Monitor 19\" Stylos', 'Marco Delgado', NULL, 1, 'TDC', '1.00', '1399.00', 'G', 1, '2025-09-01 21:54:19'),
(77, '2023-07-04', 'Mouse y teclado inalambrico Logitech', 'Marco Delgado', NULL, 1, 'TDC', '1.00', '416.00', 'G', 1, '2025-09-01 21:54:19'),
(78, '2023-07-04', 'Mini Pc Intel N5105 De 11.ª Generación, 16 Gb, 512 Gb', 'Marco Delgado', NULL, 1, 'TDC', '1.00', '3525.35', 'G', 1, '2025-09-01 21:54:19'),
(79, '2023-07-04', 'Alfombra Astra Color gris 37m2', 'Marco Delgado', NULL, 1, 'Transferencia', '1.00', '6845.00', 'G', 1, '2025-09-01 21:54:19'),
(80, '2023-07-04', 'Transferencia Boker a Marco cargo', 'Antonio Razo', NULL, 1, 'Transferencia', '1.00', '20000.00', 'G', 2, '2025-09-01 21:54:19'),
(81, '2023-07-04', 'Transferencia Boker a Marco abono', 'Marco Delgado', NULL, 1, 'Transferencia', '1.00', '20000.00', 'I', 1, '2025-09-01 21:54:19'),
(82, '2023-07-04', 'Cafetera Oster', 'Marco Delgado', NULL, 1, 'TDC', '1.00', '365.00', 'G', 1, '2025-09-01 21:54:19'),
(83, '2023-07-04', '50% de adelanto a contrato mensual de CM', 'Antonio Razo', NULL, 1, 'Transferencia', '1.00', '3712.00', 'G', 2, '2025-09-01 21:54:19'),
(84, '2023-07-06', 'Registro de marca en el IMPI', 'Marco Delgado', NULL, 1, 'Efectivo', '1.00', '2813.77', 'G', 1, '2025-09-01 21:54:19'),
(85, '2023-07-06', 'Pago recibo CFE Local', 'Marco Delgado', NULL, 1, 'Transferencia', '1.00', '192.00', 'G', 1, '2025-09-01 21:54:19'),
(86, '2023-07-07', 'Anuncio exterior luminoso', 'Marco Delgado', NULL, 1, 'Transferencia', '1.00', '6800.00', 'G', 1, '2025-09-01 21:54:19'),
(87, '2023-07-09', 'Invitación Grand Opening', 'Marco Delgado', NULL, 1, 'Transferencia', '1.00', '400.00', 'G', 1, '2025-09-01 21:54:19'),
(88, '2023-07-09', 'Materiales: Pintura y Pegamento', 'Antonio Razo', NULL, 1, 'Efectivo', '1.00', '650.00', 'G', 2, '2025-09-01 21:54:19'),
(89, '2023-07-11', 'Candado', 'Marco Delgado', NULL, 1, 'Transferencia', '1.00', '242.00', 'G', 1, '2025-09-01 21:54:19'),
(90, '2023-07-12', 'Regleta Cargador Multicontactos 8 salidas 3 USB 1 C', 'Marco Delgado', NULL, 1, 'TDC', '1.00', '427.24', 'G', 1, '2025-09-01 21:54:19'),
(91, '2023-07-12', 'Soporte para cámara IP Universal Base', 'Marco Delgado', NULL, 1, 'TDC', '2.00', '159.00', 'G', 1, '2025-09-01 21:54:19'),
(92, '2023-07-12', 'Cámara IP Adicional (Salón Batería)', 'Marco Delgado', NULL, 1, 'TDC', '1.00', '317.72', 'G', 1, '2025-09-01 21:54:19'),
(93, '2023-07-13', 'Meta Ads', 'Antonio Razo', NULL, 1, 'Transferencia', '1.00', '5000.00', 'G', 2, '2025-09-01 21:54:19'),
(94, '2023-07-13', 'TikTok Ads', 'Antonio Razo', NULL, 1, 'Transferencia', '1.00', '3500.00', 'G', 2, '2025-09-01 21:54:19'),
(95, '2023-07-13', 'Meta Ads (extra)', 'Antonio Razo', NULL, 1, 'Transferencia', '1.00', '5000.00', 'G', 2, '2025-09-01 21:54:19'),
(96, '2023-07-13', 'Amplificador de Bajo Meteoro 250 W', 'Marco Delgado', NULL, 1, 'Transferencia', '1.00', '3000.00', 'G', 1, '2025-09-01 21:54:19'),
(97, '2023-07-13', 'Amplificador Orange 20W', 'Marco Delgado', NULL, 1, 'Efectivo', '1.00', '3199.00', 'G', 1, '2025-09-01 21:54:19'),
(98, '2023-07-13', 'Lector tarjetas Point Smart TPV Mercado Pago', 'Marco Delgado', NULL, 1, 'TDC', '1.00', '3499.00', 'G', 1, '2025-09-01 21:54:19'),
(99, '2023-07-15', '16 Cuadros canva b/n - Decoración', 'Marco Delgado', NULL, 1, 'TDC', '16.00', '224.88', 'G', 1, '2025-09-01 21:54:19'),
(100, '2023-07-17', 'Audifonos', 'Hugo Vazquez', NULL, 1, 'Efectivo', '3.00', '79.00', 'G', 3, '2025-09-01 21:54:19'),
(101, '2023-07-17', 'Extensiones', 'Hugo Vazquez', NULL, 1, 'Efectivo', '2.00', '26.00', 'G', 3, '2025-09-01 21:54:19'),
(102, '2023-07-17', 'Cables RCA - Plug', 'Hugo Vazquez', NULL, 1, 'Efectivo', '3.00', '90.00', 'G', 3, '2025-09-01 21:54:19'),
(103, '2023-07-17', 'Cables Plug a Plug', 'Hugo Vazquez', NULL, 1, 'Efectivo', '3.00', '175.00', 'G', 3, '2025-09-01 21:54:19'),
(104, '2023-07-17', 'Convertidores audifonos', 'Hugo Vazquez', NULL, 1, 'Efectivo', '2.00', '25.00', 'G', 3, '2025-09-01 21:54:19'),
(105, '2023-07-17', 'Extensiones de audifonos', 'Hugo Vazquez', NULL, 1, 'Efectivo', '2.00', '25.00', 'G', 3, '2025-09-01 21:54:19'),
(106, '2023-07-17', 'Instalación y contratación Total Play 75 Megas', 'Marco Delgado', NULL, 1, 'Efectivo', '1.00', '550.00', 'G', 1, '2025-09-01 21:54:19'),
(107, '2023-07-20', 'Renta 3 de 12 Local', 'Antonio Razo', NULL, 1, 'Transferencia', '1.00', '11560.00', 'G', 2, '2025-09-01 21:54:19'),
(108, '2023-07-21', 'Diseño gráfico para impresiones', 'Antonio Razo', NULL, 1, 'Transferencia', '1.00', '500.00', 'G', 2, '2025-09-01 21:54:19'),
(109, '2023-07-21', 'Pago 2 Jul CM', 'Antonio Razo', NULL, 1, 'Transferencia', '1.00', '4408.00', 'G', 2, '2025-09-01 21:54:19'),
(110, '2023-07-22', 'Videos de Frank bloque Julio', 'Marco Delgado', NULL, 1, 'Transferencia', '12.00', '200.00', 'G', 1, '2025-09-01 21:54:19'),
(111, '2023-07-22', 'Estante Plastico 4 repisas Pretul', 'Marco Delgado', NULL, 1, 'TDC', '1.00', '297.00', 'G', 1, '2025-09-01 21:54:19'),
(112, '2023-07-24', 'Bajo JS Series Concert Bass', 'Hugo Vazquez', NULL, 1, 'Efectivo', '1.00', '6999.00', 'G', 3, '2025-09-01 21:54:19'),
(113, '2023-07-24', 'Soporte Guitarra Onstage', 'Hugo Vazquez', NULL, 1, 'efectivo', '3.00', '444.00', 'G', 3, '2025-09-01 21:54:19'),
(114, '2023-07-24', 'Banco Batería Power Beat', 'Hugo Vazquez', NULL, 1, 'Efectivo', '1.00', '2766.00', 'G', 3, '2025-09-01 21:54:19'),
(115, '2023-07-25', 'Redistribución de cableado y habilitación de iluminación', 'Marco Delgado', NULL, 1, 'Efectivo', '1.00', '1400.00', 'G', 1, '2025-09-01 21:54:19'),
(116, '2023-07-29', 'Limpieza 29-jul', 'Marco Delgado', NULL, 1, 'Transferencia', '1.00', '400.00', 'G', 1, '2025-09-01 21:54:19'),
(117, '2023-07-29', 'Banco Batería genérico', 'Marco Delgado', NULL, 1, 'Efectivo', '1.00', '1000.00', 'G', 1, '2025-09-01 21:54:19'),
(118, '2023-07-29', 'Pago de impresiones', 'Antonio Razo', NULL, 1, 'Transferencia', '1.00', '3839.00', 'G', 2, '2025-09-01 21:54:19'),
(119, '2023-07-31', 'Resanado de pared y caja para el tablero eléctrico', 'Marco Delgado', NULL, 1, 'Transferencia', '1.00', '1150.00', 'G', 1, '2025-09-01 21:54:19'),
(120, '2023-07-31', 'Depósito Google Ads', 'Antonio Razo', NULL, 1, 'Transferencia', '1.00', '7200.00', 'G', 2, '2025-09-01 21:54:19'),
(121, '2023-08-01', 'Mensualidad clase Guitarra G Gwyneth Adriana Tagliabue Cruz', 'Hugo Vazquez', NULL, 1, 'TPV', '1.00', '1500.00', 'I', 3, '2025-09-01 21:54:19'),
(122, '2023-08-01', 'Mesa auxiliar', 'Hugo Vazquez', NULL, 1, 'TDC', '2.00', '241.00', 'G', 3, '2025-09-01 21:54:19'),
(123, '2023-08-01', 'Mesa para computadora', 'Hugo Vazquez', NULL, 1, 'TDC', '1.00', '580.00', 'G', 3, '2025-09-01 21:54:19'),
(124, '2023-08-02', 'Mensualidad clase Guitarra G Alejandro Navarro Baltazar', 'Hugo Vazquez', NULL, 1, 'Efectivo', '1.00', '1500.00', 'I', 3, '2025-09-01 21:54:19'),
(125, '2023-08-05', 'Letreros decorativos Zona de Musica', 'Marco Delgado', NULL, 1, 'TDC', '5.00', '511.20', 'G', 1, '2025-09-01 21:54:19'),
(126, '2023-08-05', 'Limpieza 05-Ago', 'Escuela', NULL, 1, 'Efectivo', '1.00', '400.00', 'G', 4, '2025-09-01 21:54:19'),
(127, '2023-08-06', 'Pago 1 Ago CM', 'Antonio Razo', NULL, 1, 'Transferencia', '1.00', '4408.00', 'G', 2, '2025-09-01 21:54:19'),
(128, '2023-08-12', 'Limpieza 12-Ago', 'Marco Delgado', NULL, 1, 'Transferencia', '1.00', '400.00', 'G', 1, '2025-09-01 21:54:19'),
(129, '2023-08-15', 'Pago Frank - Quincena', 'Marco Delgado', NULL, 1, 'Transferencia', '1.00', '2000.00', 'G', 1, '2025-09-01 21:54:19'),
(130, '2023-08-15', 'Base de amplificador', 'Hugo Vazquez', NULL, 1, 'TDC', '1.00', '780.00', 'G', 3, '2025-09-01 21:54:19'),
(131, '2023-08-15', 'Bancopie', 'Hugo Vazquez', NULL, 1, 'TDC', '3.00', '270.00', 'G', 3, '2025-09-01 21:54:19'),
(132, '2023-08-15', 'Base de teclado', 'Hugo Vazquez', NULL, 1, 'TDC', '1.00', '560.00', 'G', 3, '2025-09-01 21:54:19'),
(133, '2023-08-17', 'Total Play', 'Marco Delgado', NULL, 1, 'Transferencia', '1.00', '499.00', 'G', 1, '2025-09-01 21:54:19'),
(134, '2023-08-17', 'Letrero 911 - Emergencias', 'Marco Delgado', NULL, 1, 'TDC', '1.00', '75.00', 'G', 1, '2025-09-01 21:54:19'),
(135, '2023-08-19', 'Limpieza 19-Ago', 'Marco Delgado', NULL, 1, 'Transferencia', '1.00', '400.00', 'G', 1, '2025-09-01 21:54:19'),
(136, '2023-08-21', 'Renta 4 de 12 Local', 'Antonio Razo', NULL, 1, 'Transferencia', '1.00', '11560.00', 'G', 2, '2025-09-01 21:54:19'),
(137, '2023-08-22', 'Meta Ads - Agosto', 'Marco Delgado', NULL, 1, 'Transferencia', '1.00', '6000.00', 'G', 1, '2025-09-01 21:54:19'),
(138, '2023-08-22', 'Mantenimiento Agosto', 'Antonio Razo', NULL, 1, 'Transferencia', '1.00', '700.00', 'G', 2, '2025-09-01 21:54:19'),
(139, '2023-08-22', 'Mantenimiento Septiembre', 'Antonio Razo', NULL, 1, 'Transferencia', '1.00', '640.00', 'G', 2, '2025-09-01 21:54:19'),
(140, '2023-08-22', 'Depósito Google Ads - Agosto', 'Antonio Razo', NULL, 1, 'TDC', '1.00', '7200.00', 'G', 2, '2025-09-01 21:54:19'),
(141, '2023-08-23', 'Dos carpetas', 'Hugo Vazquez', NULL, 1, 'Efectivo', '2.00', '50.00', 'G', 3, '2025-09-01 21:54:19'),
(142, '2023-08-24', 'Pago 2 Ago CM', 'Antonio Razo', NULL, 1, 'Transferencia', '1.00', '4408.00', 'G', 2, '2025-09-01 21:54:19'),
(143, '2023-08-24', 'Copias de formatos de inscripción, reglamento y pautadas', 'Hugo Vazquez', NULL, 1, 'Efectivo', '1.00', '80.00', 'G', 3, '2025-09-01 21:54:19'),
(144, '2023-08-25', 'Mensualidad clase Guitarra G Jose Francisco Rangel Alonso', 'Hugo Vazquez', NULL, 1, 'Efectivo', '1.00', '1000.00', 'I', 3, '2025-09-01 21:54:19'),
(145, '2023-08-26', 'Limpieza 26-Ago', 'Marco Delgado', NULL, 1, 'Transferencia', '1.00', '400.00', 'G', 1, '2025-09-01 21:54:19'),
(146, '2023-08-28', 'Poster y diurex', 'Escuela', NULL, 1, 'Efectivo', '1.00', '75.00', 'G', 4, '2025-09-01 21:54:19'),
(147, '2023-08-29', 'Mezcladora 4 CH', 'Hugo Vazquez', NULL, 1, 'TDC', '1.00', '242.00', 'G', 3, '2025-09-01 21:54:19'),
(148, '2023-08-31', 'Pago Frank - Quincena', 'Marco Delgado', NULL, 1, 'Transferencia', '1.00', '2000.00', 'G', 1, '2025-09-01 21:54:19'),
(149, '2023-08-31', 'Pago clases de Guitarra', 'Hugo Vazquez', NULL, 1, 'Transferencia', '1.00', '810.00', 'G', 3, '2025-09-01 21:54:19'),
(150, '2023-08-31', 'Comisiones TPV', 'Escuela', NULL, 1, 'TPV', '1.00', '488.36', 'G', 4, '2025-09-01 21:54:19'),
(151, '2023-08-31', 'Mensualidad clase Guitarra G Manuel Zacate Millan', 'Hugo Vazquez', NULL, 1, 'TPV', '1.00', '1400.00', 'I', 3, '2025-09-01 21:54:19'),
(152, '2023-09-01', 'Mensualidad clase Guitarra G Gwyneth Adriana Tagliabue Cruz', 'Hugo Vazquez', NULL, 1, 'TPV', '1.00', '1350.00', 'I', 3, '2025-09-01 21:54:19'),
(153, '2023-09-02', 'Mensualidad clase Guitarra G Alejandro Navarro Baltazar', 'Hugo Vazquez', NULL, 1, 'Efectivo', '1.00', '1500.00', 'I', 3, '2025-09-01 21:54:19'),
(154, '2023-09-02', 'Limpieza 02-Sep', 'Marco Delgado', NULL, 1, 'Transferencia', '1.00', '400.00', 'G', 1, '2025-09-01 21:54:19'),
(155, '2023-09-04', 'Mensualidad clase Batería G Fanny Ieraldini Guitierrez Jasso', 'Julio Olvera', NULL, 1, 'Transferencia', '1.00', '1500.00', 'I', 3, '2025-09-01 21:54:19'),
(156, '2023-09-08', 'Engrapadora y grapas', 'Escuela', NULL, 1, 'Efectivo', '1.00', '116.00', 'G', 4, '2025-09-01 21:54:19'),
(157, '2023-09-08', 'Cloralex y Roma', 'Escuela', NULL, 1, 'Efectivo', '1.00', '58.00', 'G', 4, '2025-09-01 21:54:19'),
(158, '2023-09-08', 'Mensualidad clase Guitarra I Jose Fernando Campos Esparza', 'Hugo Vazquez', NULL, 1, 'TPV', '1.00', '2000.00', 'I', 3, '2025-09-01 21:54:19'),
(159, '2023-09-09', 'Limpieza 09-Sep', 'Escuela', NULL, 1, 'Efectivo', '1.00', '400.00', 'G', 4, '2025-09-01 21:54:19'),
(160, '2023-09-09', 'Pago recibo CFE Local', 'Marco Delgado', NULL, 1, 'Transferencia', '1.00', '579.00', 'G', 1, '2025-09-01 21:54:19'),
(161, '2023-09-09', 'Mensualidad clase Guitarra I Alan Mateo Gomez Juarez', 'Irwin Hernandez', NULL, 1, 'TPV', '1.00', '1900.00', 'I', 3, '2025-09-01 21:54:19'),
(162, '2023-09-15', 'Pago Frank - Quincena', 'Marco Delgado', NULL, 1, 'Transferencia', '1.00', '2000.00', 'G', 1, '2025-09-01 21:54:19'),
(163, '2023-09-20', 'Renta 5 de 12 Local', 'Marco Delgado', NULL, 1, 'Transferencia', '1.00', '11560.00', 'G', 1, '2025-09-01 21:54:19'),
(164, '2023-09-21', 'Total Play', 'Marco Delgado', NULL, 1, 'Transferencia', '1.00', '549.00', 'G', 1, '2025-09-01 21:54:19'),
(165, '2023-09-24', 'Limpieza 24-Sep', 'Antonio Razo', NULL, 1, 'Transferencia', '1.00', '400.00', 'G', 2, '2025-09-01 21:54:19'),
(166, '2023-09-26', 'Pago 1 y 2 Sep CM', 'Antonio Razo', NULL, 1, 'Transferencia', '1.00', '8816.00', 'G', 2, '2025-09-01 21:54:19'),
(167, '2023-09-27', 'Mensualidad clase Guitarra G Enrique Alexander Roldan Lopez', 'Hugo Vazquez', NULL, 1, 'Transferencia', '1.00', '1350.00', 'I', 3, '2025-09-01 21:54:19'),
(168, '2023-09-27', 'Mensualidad clase Batería G Enrique Alexander Roldan Lopez', 'Hugo Vazquez', NULL, 1, 'TPV', '1.00', '1350.00', 'I', 3, '2025-09-01 21:54:19'),
(169, '2023-09-30', 'Mensualidad clase Guitarra G Manuel Zacate Millan', 'Hugo Vazquez', NULL, 1, 'TPV', '1.00', '1500.00', 'I', 3, '2025-09-01 21:54:19'),
(170, '2023-09-30', 'Pago Frank - Quincena', 'Marco Delgado', NULL, 1, 'Transferencia', '1.00', '2000.00', 'G', 1, '2025-09-01 21:54:19'),
(171, '2023-09-30', 'Limpieza 30-Sep', 'Marco Delgado', NULL, 1, 'Transferencia', '1.00', '400.00', 'G', 1, '2025-09-01 21:54:19'),
(172, '2023-09-30', 'Pago clases de Teclado', 'Marco Delgado', NULL, 1, 'Transferencia', '2.00', '400.00', 'G', 1, '2025-09-01 21:54:19'),
(173, '2023-09-30', 'Pago clases de muestra teclado', 'Marco Delgado', NULL, 1, 'Transferencia', '1.00', '80.00', 'G', 1, '2025-09-01 21:54:19'),
(174, '2023-09-30', 'Pago clases de Batería', 'Marco Delgado', NULL, 1, 'Transferencia', '1.00', '400.00', 'G', 1, '2025-09-01 21:54:19'),
(175, '2023-09-30', 'Pago clases de muestra Batería', 'Marco Delgado', NULL, 1, 'Transferencia', '4.00', '80.00', 'G', 1, '2025-09-01 21:54:19'),
(176, '2023-09-30', 'Pago clases de Guitarra', 'Hugo Vazquez', NULL, 1, 'Transferencia', '1.00', '2300.00', 'G', 3, '2025-09-01 21:54:19'),
(177, '2023-09-30', 'Comisiones TPV', 'Escuela', NULL, 1, 'TPV', '1.00', '945.11', 'G', 4, '2025-09-01 21:54:19'),
(178, '2023-09-30', 'Mensualidad clase Bajo G Brenda Serrano Cervantes', 'Luis Blanquet', NULL, 1, 'Transferencia', '1.00', '1500.00', 'I', 3, '2025-09-01 21:54:19'),
(179, '2023-10-01', 'Mensualidad clase Guitarra G Gwyneth Adriana Tagliabue Cruz', 'Hugo Vazquez', NULL, 1, 'TPV', '1.00', '1350.00', 'I', 3, '2025-09-01 21:54:19'),
(180, '2023-10-01', 'Mensualidad clase Teclado G Luis Erik Arias Ayala', 'Manuel Reyes', NULL, 1, 'TPV', '2.00', '1350.00', 'I', 3, '2025-09-01 21:54:19'),
(181, '2023-10-01', 'Pilas AAA', 'Hugo Vazquez', NULL, 1, 'Efectivo', '1.00', '40.00', 'G', 3, '2025-09-01 21:54:19'),
(182, '2023-10-01', 'Teléfono fijo', 'Hugo Vazquez', NULL, 1, 'Efectivo', '1.00', '1350.00', 'G', 3, '2025-09-01 21:54:19'),
(183, '2023-10-04', 'Mantenimiento Octubre', 'Antonio Razo', NULL, 1, 'Transferencia', '1.00', '640.00', 'G', 2, '2025-09-01 21:54:19'),
(184, '2023-10-04', 'Mensualidad clase Batería G Fanny Ieraldini Guitierrez Jasso', 'Julio Olvera', NULL, 1, 'Transferencia', '1.00', '1500.00', 'I', 3, '2025-09-01 21:54:19'),
(185, '2023-10-06', 'Jabon de manos Equate', 'Hugo Vazquez', NULL, 1, 'Efectivo', '1.00', '25.00', 'G', 3, '2025-09-01 21:54:19'),
(186, '2023-10-07', 'Limpieza 7-Oct', 'Marco Delgado', NULL, 1, 'Transferencia', '1.00', '400.00', 'G', 1, '2025-09-01 21:54:19'),
(187, '2023-10-09', 'Mensualidad clase Guitarra I Alan Mateo Gomez Juarez', 'Irwin Hernandez', NULL, 1, 'TPV', '1.00', '2000.00', 'I', 3, '2025-09-01 21:54:19'),
(188, '2023-10-14', 'Limpieza 14-Oct', 'Marco Delgado', NULL, 1, 'Transferencia', '1.00', '400.00', 'G', 1, '2025-09-01 21:54:19'),
(189, '2023-10-15', 'Pago Frank - Quincena', 'Marco Delgado', NULL, 1, 'Transferencia', '1.00', '2000.00', 'G', 1, '2025-09-01 21:54:19'),
(190, '2023-10-16', 'Total Play', 'Marco Delgado', NULL, 1, 'Transferencia', '1.00', '499.00', 'G', 1, '2025-09-01 21:54:19'),
(191, '2023-10-20', 'Papel de baño 4 rollos', 'Hugo Vazquez', NULL, 1, 'Efectivo', '1.00', '25.00', 'G', 3, '2025-09-01 21:54:19'),
(192, '2023-10-20', 'Renta Octubre', 'Antonio Razo', NULL, 1, 'Transferencia', '1.00', '11560.00', 'G', 2, '2025-09-01 21:54:19'),
(193, '2023-10-20', 'Mensualidad clase Guitarra G Guadalupe Donaji Arellano Ramirez', 'Hugo Vazquez', NULL, 1, 'TPV', '1.00', '1350.00', 'I', 3, '2025-09-01 21:54:19'),
(194, '2023-10-21', 'Limpieza 21-Oct', 'Marco Delgado', NULL, 1, 'Transferencia', '1.00', '400.00', 'G', 1, '2025-09-01 21:54:19'),
(195, '2023-10-27', 'Mensualidad clase Guitarra G Enrique Alexander Roldan Lopez', 'Hugo Vazquez', NULL, 1, 'Transferencia', '1.00', '1350.00', 'I', 3, '2025-09-01 21:54:19'),
(196, '2023-10-27', 'Mensualidad clase Batería G Enrique Alexander Roldan Lopez', 'Hugo Vazquez', NULL, 1, 'TPV', '1.00', '1350.00', 'I', 3, '2025-09-01 21:54:19'),
(197, '2023-10-28', 'Limpieza 28-Oct', 'Marco Delgado', NULL, 1, 'Transferencia', '1.00', '400.00', 'G', 1, '2025-09-01 21:54:19'),
(198, '2023-10-30', 'Mensualidad clase Bajo G Brenda Serrano Cervantes', 'Luis Blanquet', NULL, 1, 'Transferencia', '1.00', '1500.00', 'I', 3, '2025-09-01 21:54:19'),
(199, '2023-10-30', 'Mensualidad clase Guitarra G Joaquin Pimentel', 'Hugo Vazquez', NULL, 1, 'TPV', '1.00', '1275.00', 'I', 3, '2025-09-01 21:54:19'),
(200, '2023-10-31', 'Pago Frank - Quincena', 'Marco Delgado', NULL, 1, 'Transferencia', '1.00', '2000.00', 'G', 1, '2025-09-01 21:54:19'),
(201, '2023-10-31', 'Pegamento', 'Marco Delgado', NULL, 1, 'Transferencia', '1.00', '150.00', 'G', 1, '2025-09-01 21:54:19'),
(202, '2023-10-31', 'Adornos Halloween', 'Marco Delgado', NULL, 1, 'Transferencia', '1.00', '250.00', 'G', 1, '2025-09-01 21:54:19'),
(203, '2023-10-31', 'Pago CFE', 'Marco Delgado', NULL, 1, 'Transferencia', '1.00', '841.00', 'G', 1, '2025-09-01 21:54:19'),
(204, '2023-10-31', 'Comisiones TPV', 'Escuela', NULL, 1, 'TPV', '1.00', '852.75', 'G', 4, '2025-09-01 21:54:19'),
(205, '2023-10-31', 'Pago 1 de 2 mes de Octubre - Jorge MKT', 'Escuela', NULL, 1, 'Mercado Pago', '1.00', '4408.00', 'G', 4, '2025-09-01 21:54:19'),
(206, '2023-10-31', 'Clases de Bajo Luis Blanquet', 'Marco Delgado', NULL, 1, 'Transferencia', '1.00', '400.00', 'G', 1, '2025-09-01 21:54:19'),
(207, '2023-10-31', 'Clases de prueba canto Lizett Espinoza', 'Marco Delgado', NULL, 1, 'Transferencia', '2.00', '80.00', 'G', 1, '2025-09-01 21:54:19'),
(208, '2023-10-31', 'Clases de prueba Bajo Luis Blanquet', 'Marco Delgado', NULL, 1, 'Transferencia', '1.00', '80.00', 'G', 1, '2025-09-01 21:54:19'),
(209, '2023-10-31', 'Clases de piano Agueda Pecina', 'Marco Delgado', NULL, 1, 'Transferencia', '2.00', '400.00', 'G', 1, '2025-09-01 21:54:19'),
(210, '2023-10-31', 'Clases de Batería Julio Olvera', 'Marco Delgado', NULL, 1, 'Transferencia', '2.00', '400.00', 'G', 1, '2025-09-01 21:54:19'),
(211, '2023-10-31', 'Clases de Guitarra Hugo Vazquez', 'Hugo Vazquez', NULL, 1, 'Transferencia', '4.00', '400.00', 'G', 3, '2025-09-01 21:54:19'),
(212, '2023-10-31', 'Clases de Guitarra Individual Hugo Vazquez', 'Hugo Vazquez', NULL, 1, 'Transferencia', '1.00', '560.00', 'G', 3, '2025-09-01 21:54:19'),
(213, '2023-11-01', 'Mensualidad clase Teclado G Luis Erik Arias Ayala', 'Manuel Reyes', NULL, 1, 'TPV', '2.00', '1350.00', 'I', 3, '2025-09-01 21:54:19'),
(214, '2023-11-04', 'Limpieza 04-Nov', 'Marco Delgado', NULL, 1, 'Transferencia', '1.00', '400.00', 'G', 1, '2025-09-01 21:54:19'),
(215, '2023-11-04', 'Mensualidad clase Batería G Fanny Ieraldini Guitierrez Jasso', 'Julio Olvera', NULL, 1, 'Transferencia', '1.00', '0.00', 'I', 3, '2025-09-01 21:54:19'),
(216, '2023-11-09', 'Mensualidad clase Guitarra I Alan Mateo Gomez Juarez', 'Irwin Hernandez', NULL, 1, 'TPV', '1.00', '2000.00', 'I', 3, '2025-09-01 21:54:19'),
(217, '2023-11-10', 'Mantenimiento Noviembre y Diciembre', 'Antonio Razo', NULL, 1, 'Efectivo', '1.00', '1310.00', 'G', 2, '2025-09-01 21:54:19'),
(218, '2023-11-11', 'Mensualidad clase Guitarra G Isabel Ramos', 'Hugo Vazquez', NULL, 1, 'Transferencia', '1.00', '1500.00', 'I', 3, '2025-09-01 21:54:19'),
(219, '2023-11-12', 'Limpieza 11-Nov', 'Marco Delgado', NULL, 1, 'Transferencia', '1.00', '400.00', 'G', 1, '2025-09-01 21:54:19'),
(220, '2023-11-14', 'Total Play', 'Marco Delgado', NULL, 1, 'Transferencia', '1.00', '499.00', 'G', 1, '2025-09-01 21:54:20'),
(221, '2023-11-16', 'Pago Frank - Quincena', 'Marco Delgado', NULL, 1, 'Transferencia', '1.00', '2000.00', 'G', 1, '2025-09-01 21:54:20'),
(222, '2023-11-17', 'Pago 1 mes de Noviembre Jorge', 'Escuela', NULL, 1, 'Mercado Pago', '1.00', '4408.00', 'G', 4, '2025-09-01 21:54:20'),
(223, '2023-11-18', 'Limpieza 18-Nov', 'Marco Delgado', NULL, 1, 'Transferencia', '1.00', '400.00', 'G', 1, '2025-09-01 21:54:20'),
(224, '2023-11-20', 'Renta Noviembre', 'Antonio Razo', NULL, 1, 'Transferencia', '1.00', '11560.00', 'G', 2, '2025-09-01 21:54:20'),
(225, '2023-11-20', 'Mensualidad clase Guitarra G Guadalupe Donaji Arellano Ramirez', 'Hugo Vazquez', NULL, 1, 'TPV', '1.00', '1350.00', 'I', 3, '2025-09-01 21:54:20'),
(226, '2023-11-25', 'Limpieza 25-Nov', 'Escuela', NULL, 1, 'Mercado Pago', '1.00', '400.00', 'G', 4, '2025-09-01 21:54:20'),
(227, '2023-11-25', 'Pago 2 mes de Noviembre Jorge', 'Escuela', NULL, 1, 'Mercado Pago', '1.00', '4408.00', 'G', 4, '2025-09-01 21:54:20'),
(228, '2023-11-27', 'Google Ads', 'Escuela', NULL, 1, 'Mercado Pago', '1.00', '5000.00', 'G', 4, '2025-09-01 21:54:20'),
(229, '2023-11-27', 'Mensualidad clase Guitarra G Enrique Alexander Roldan Lopez', 'Hugo Vazquez', NULL, 1, 'Transferencia', '1.00', '1350.00', 'I', 3, '2025-09-01 21:54:20'),
(230, '2023-11-27', 'Mensualidad clase Batería G Enrique Alexander Roldan Lopez', 'Hugo Vazquez', NULL, 1, 'TPV', '1.00', '1350.00', 'I', 3, '2025-09-01 21:54:20'),
(231, '2023-11-29', 'Facebook', 'Escuela', NULL, 1, 'Transferencia', '1.00', '5000.00', 'G', 4, '2025-09-01 21:54:20'),
(232, '2023-11-30', 'Pago Frank - Quincena', 'Marco Delgado', NULL, 1, 'Transferencia', '1.00', '2000.00', 'G', 1, '2025-09-01 21:54:20'),
(233, '2023-11-30', 'Comisiones TPV', 'Escuela', NULL, 1, 'TPV', '1.00', '800.98', 'G', 4, '2025-09-01 21:54:20'),
(234, '2023-11-30', 'Clases de Guitarra Hugo Vazquez', 'Marco Delgado', NULL, 1, 'Efectivo', '1.00', '2160.00', 'G', 1, '2025-09-01 21:54:20'),
(235, '2023-11-30', 'Clases de piano Agueda Pecina', 'Marco Delgado', NULL, 1, 'Transferencia', '2.00', '400.00', 'G', 1, '2025-09-01 21:54:20'),
(236, '2023-11-30', 'Clases de Batería Julio Olvera', 'Marco Delgado', NULL, 1, 'Transferencia', '2.00', '400.00', 'G', 1, '2025-09-01 21:54:20'),
(237, '2023-11-30', 'Clases de Bajo Luis Blanquet', 'Marco Delgado', NULL, 1, 'Transferencia', '1.00', '400.00', 'G', 1, '2025-09-01 21:54:20'),
(238, '2023-11-30', 'Clases de prueba canto Lizett Espinoza', 'Marco Delgado', NULL, 1, 'Transferencia', '1.00', '80.00', 'G', 1, '2025-09-01 21:54:20'),
(239, '2023-11-30', 'Mensualidad clase Bajo G Brenda Serrano Cervantes', 'Luis Blanquet', NULL, 1, 'Transferencia', '1.00', '1500.00', 'I', 3, '2025-09-01 21:54:20'),
(240, '2023-12-01', 'Mensualidad clase Teclado G Luis Erik Arias Ayala', 'Manuel Reyes', NULL, 1, 'TPV', '2.00', '1350.00', 'I', 3, '2025-09-01 21:54:20'),
(241, '2023-12-02', 'Limpieza 02-Dic', 'Marco Delgado', NULL, 1, 'Transferencia', '1.00', '400.00', 'G', 1, '2025-09-01 21:54:20'),
(242, '2023-12-04', 'Mensualidad clase Batería G Fanny Ieraldini Guitierrez Jasso', 'Julio Olvera', NULL, 1, 'Transferencia', '1.00', '1500.00', 'I', 3, '2025-09-01 21:54:20'),
(243, '2023-12-09', 'Limpieza 09-Dic', 'Marco Delgado', NULL, 1, 'Transferencia', '1.00', '400.00', 'G', 1, '2025-09-01 21:54:20'),
(244, '2023-12-09', 'Mensualidad clase Guitarra I Alan Mateo Gomez Juarez', 'Irwin Hernandez', NULL, 1, 'TPV', '1.00', '2000.00', 'I', 3, '2025-09-01 21:54:20'),
(245, '2023-12-11', 'Servicio AI para Anuncios', 'Escuela', NULL, 1, 'Mercado Pago', '1.00', '349.12', 'G', 4, '2025-09-01 21:54:20'),
(246, '2023-12-11', 'Mensualidad clase Guitarra G Isabel Ramos', 'Hugo Vazquez', NULL, 1, 'Transferencia', '1.00', '1500.00', 'I', 3, '2025-09-01 21:54:20'),
(247, '2023-12-16', 'Total Play', 'Marco Delgado', NULL, 1, 'Transferencia', '1.00', '499.00', 'G', 1, '2025-09-01 21:54:20'),
(248, '2023-12-16', 'Pago Frank - Quincena', 'Marco Delgado', NULL, 1, 'Transferencia', '1.00', '2000.00', 'G', 1, '2025-09-01 21:54:20'),
(249, '2023-12-16', 'Pago Frank - Aguinaldo', 'Marco Delgado', NULL, 1, 'Transferencia', '1.00', '2000.00', 'G', 1, '2025-09-01 21:54:20'),
(250, '2023-12-18', 'Limpieza 16-Dic', 'Marco Delgado', NULL, 1, 'Transferencia', '1.00', '400.00', 'G', 1, '2025-09-01 21:54:20'),
(251, '2023-12-20', 'Google Ads', 'Escuela', NULL, 1, 'Mercado Pago', '1.00', '5000.00', 'G', 4, '2025-09-01 21:54:20'),
(252, '2023-12-20', 'Mensualidad clase Guitarra G Guadalupe Donaji Arellano Ramirez', 'Hugo Vazquez', NULL, 1, 'TPV', '1.00', '1350.00', 'I', 3, '2025-09-01 21:54:20'),
(253, '2023-12-21', 'Renta Dic (1)', 'Marco Delgado', NULL, 1, 'Transferencia', '1.00', '3000.00', 'G', 1, '2025-09-01 21:54:20'),
(254, '2023-12-21', 'Renta Dic (2)', 'Antonio Razo', NULL, 1, 'Transferencia', '1.00', '2560.00', 'G', 2, '2025-09-01 21:54:20'),
(255, '2023-12-21', 'Renta Dic (3)', 'Escuela', NULL, 1, 'Transferencia', '1.00', '6000.00', 'G', 4, '2025-09-01 21:54:20'),
(256, '2023-12-27', 'Mensualidad clase Guitarra G Enrique Alexander Roldan Lopez', 'Hugo Vazquez', NULL, 1, 'Transferencia', '1.00', '1350.00', 'I', 3, '2025-09-01 21:54:20'),
(257, '2023-12-27', 'Mensualidad clase Batería G Enrique Alexander Roldan Lopez', 'Hugo Vazquez', NULL, 1, 'TPV', '1.00', '1350.00', 'I', 3, '2025-09-01 21:54:20'),
(258, '2023-12-30', 'Mensualidad clase Bajo G Brenda Serrano Cervantes', 'Luis Blanquet', NULL, 1, 'Transferencia', '1.00', '1500.00', 'I', 3, '2025-09-01 21:54:20'),
(259, '2023-12-31', 'Comisiones TPV', 'Escuela', NULL, 1, 'TPV', '1.00', '813.16', 'G', 4, '2025-09-01 21:54:20'),
(260, '2023-12-31', 'Pago Frank - Quincena', 'Marco Delgado', NULL, 1, 'Transferencia', '1.00', '2000.00', 'G', 1, '2025-09-01 21:54:20'),
(261, '2023-12-31', 'Clases de Batería Julio Olvera', 'Marco Delgado', NULL, 1, 'Transferencia', '1.00', '800.00', 'G', 1, '2025-09-01 21:54:20'),
(262, '2023-12-31', 'Clases de Bajo Luis Blanquet', 'Marco Delgado', NULL, 1, 'Transferencia', '1.00', '400.00', 'G', 1, '2025-09-01 21:54:20'),
(263, '2023-12-31', 'Clases de piano Agueda Pecina', 'Marco Delgado', NULL, 1, 'Transferencia', '1.00', '400.00', 'G', 1, '2025-09-01 21:54:20'),
(264, '2023-12-31', 'Clases de Guitarra Hugo Vazquez', 'Marco Delgado', NULL, 1, 'Transferencia', '1.00', '2160.00', 'G', 1, '2025-09-01 21:54:20'),
(265, '2024-01-01', 'Mensualidad clase Teclado G Luis Erik Arias Ayala', 'Manuel Reyes', NULL, 1, 'TPV', '1.00', '1500.00', 'I', 3, '2025-09-01 21:54:20'),
(266, '2024-01-04', 'Mensualidad clase Batería G Fanny Ieraldini Guitierrez Jasso', 'Julio Olvera', NULL, 1, 'Transferencia', '1.00', '1500.00', 'I', 3, '2025-09-01 21:54:20'),
(267, '2024-01-05', 'Mantenimiento Enero', 'Antonio Razo', NULL, 1, 'Transferencia', '1.00', '684.00', 'G', 2, '2025-09-01 21:54:20'),
(268, '2024-01-05', 'Pago Diciembre Jorge', 'Escuela', NULL, 1, 'Transferencia', '1.00', '4486.00', 'G', 4, '2025-09-01 21:54:20'),
(269, '2024-01-06', 'Limpieza 06-Ene', 'Marco Delgado', NULL, 1, 'Transferencia', '1.00', '400.00', 'G', 1, '2025-09-01 21:54:20'),
(270, '2024-01-07', 'Pago CFE', 'Marco Delgado', NULL, 1, 'Transferencia', '1.00', '704.00', 'G', 1, '2025-09-01 21:54:20'),
(271, '2024-01-09', 'Mensualidad clase Guitarra I Alan Mateo Gomez Juarez', 'Irwin Hernandez', NULL, 1, 'TPV', '1.00', '2000.00', 'I', 3, '2025-09-01 21:54:20'),
(272, '2024-01-09', 'Mensualidad clase Batería G Leonardo Landa Sanchez', 'Julio Olvera', NULL, 1, 'TPV', '1.00', '1350.00', 'I', 3, '2025-09-01 21:54:20'),
(273, '2024-01-11', 'Mensualidad clase Guitarra G Isabel Ramos', 'Hugo Vazquez', NULL, 1, 'Transferencia', '1.00', '1500.00', 'I', 3, '2025-09-01 21:54:20'),
(274, '2024-01-12', 'Servicio AI para Anuncios', 'Escuela', NULL, 1, 'Transferencia', '1.00', '341.52', 'G', 4, '2025-09-01 21:54:20'),
(275, '2024-01-14', 'Limpieza 14-Ene', 'Escuela', NULL, 1, 'Transferencia', '1.00', '400.00', 'G', 4, '2025-09-01 21:54:20'),
(276, '2024-01-15', 'Pago Frank - Quincena', 'Marco Delgado', NULL, 1, 'Transferencia', '1.00', '2000.00', 'G', 1, '2025-09-01 21:54:20'),
(277, '2024-01-15', 'Google Ads', 'Escuela', NULL, 1, 'Transferencia', '1.00', '5000.00', 'G', 4, '2025-09-01 21:54:20'),
(278, '2024-01-16', 'Total Play', 'Marco Delgado', NULL, 1, 'Transferencia', '1.00', '499.00', 'G', 1, '2025-09-01 21:54:20'),
(279, '2024-01-20', 'Limpieza 20-Ene', 'Escuela', NULL, 1, 'Transferencia', '1.00', '400.00', 'G', 4, '2025-09-01 21:54:20'),
(280, '2024-01-20', 'Mensualidad clase Guitarra G Guadalupe Donaji Arellano Ramirez', 'Hugo Vazquez', NULL, 1, 'TPV', '1.00', '1350.00', 'I', 3, '2025-09-01 21:54:20'),
(281, '2024-01-22', 'Renta Ene (1)', 'Antonio Razo', NULL, 1, 'Transferencia', '1.00', '6000.00', 'G', 2, '2025-09-01 21:54:20'),
(282, '2024-01-22', 'Renta Ene (2)', 'Marco Delgado', NULL, 1, 'Transferencia', '1.00', '3000.00', 'G', 1, '2025-09-01 21:54:20'),
(283, '2024-01-22', 'Renta Ene (3)', 'Antonio Razo', NULL, 1, 'Transferencia', '1.00', '2560.00', 'G', 2, '2025-09-01 21:54:20'),
(284, '2024-01-27', 'Mensualidad clase Guitarra G Enrique Alexander Roldan Lopez', 'Hugo Vazquez', NULL, 1, 'Transferencia', '1.00', '1350.00', 'I', 3, '2025-09-01 21:54:20'),
(285, '2024-01-27', 'Mensualidad clase Batería G Enrique Alexander Roldan Lopez', 'Hugo Vazquez', NULL, 1, 'TPV', '1.00', '1350.00', 'I', 3, '2025-09-01 21:54:20'),
(286, '2024-01-29', 'Limpieza 27-Ene', 'Marco Delgado', NULL, 1, 'Transferencia', '1.00', '400.00', 'G', 1, '2025-09-01 21:54:20'),
(287, '2024-01-30', 'Mensualidad clase Bajo G Brenda Serrano Cervantes', 'Luis Blanquet', NULL, 1, 'Transferencia', '1.00', '1500.00', 'I', 3, '2025-09-01 21:54:20'),
(288, '2024-01-31', 'Comisiones TPV', 'Escuela', NULL, 1, 'TPV', '1.00', '813.16', 'G', 4, '2025-09-01 21:54:20'),
(289, '2024-01-31', 'Clases de Guitarra Hugo Vazquez', 'Marco Delgado', NULL, 1, 'Transferencia', '1.00', '1900.00', 'G', 1, '2025-09-01 21:54:20'),
(290, '2024-01-31', 'Clases de Teclado Manuel Reyes', 'Marco Delgado', NULL, 1, 'Transferencia', '1.00', '400.00', 'G', 1, '2025-09-01 21:54:20'),
(291, '2024-01-31', 'Clases de Bajo Luis Blanquet', 'Marco Delgado', NULL, 1, 'Transferencia', '1.00', '400.00', 'G', 1, '2025-09-01 21:54:20'),
(292, '2024-01-31', 'Clases de Batería Julio Olvera', 'Marco Delgado', NULL, 1, 'Transferencia', '1.00', '1760.00', 'G', 1, '2025-09-01 21:54:20'),
(293, '2024-01-31', 'Pago Frank - Quincena', 'Marco Delgado', NULL, 1, 'Transferencia', '1.00', '2000.00', 'G', 1, '2025-09-01 21:54:20'),
(294, '2024-02-01', 'Mensualidad clase Teclado G Luis Erik Arias Ayala', 'Manuel Reyes', NULL, 1, 'TPV', '1.00', '1500.00', 'I', 3, '2025-09-01 21:54:20'),
(295, '2024-02-02', 'Mantenimiento Febrero', 'Antonio Razo', NULL, 1, 'Transferencia', '1.00', '684.00', 'G', 2, '2025-09-01 21:54:20'),
(296, '2024-02-02', 'Google Ads', 'Antonio Razo', NULL, 1, 'Transferencia', '1.00', '5000.00', 'G', 2, '2025-09-01 21:54:20'),
(297, '2024-02-03', 'Transferencia Marco a Antonio (Cargo)', 'Marco Delgado', NULL, 1, 'Transferencia', '1.00', '6000.00', 'G', 1, '2025-09-01 21:54:20'),
(298, '2024-02-03', 'Transferencia Marco a Antonio (Abono)', 'Antonio Razo', NULL, 1, 'Transferencia', '1.00', '6000.00', 'I', 2, '2025-09-01 21:54:20'),
(299, '2024-02-03', 'Gel antibacterial', 'Escuela', NULL, 1, 'Efectivo', '1.00', '115.00', 'G', 4, '2025-09-01 21:54:20'),
(300, '2024-02-03', 'Cables', 'Escuela', NULL, 1, 'Efectivo', '1.00', '750.00', 'G', 4, '2025-09-01 21:54:20'),
(301, '2024-02-03', 'Papel de baño 4 rollos', 'Escuela', NULL, 1, 'Efectivo', '1.00', '50.00', 'G', 4, '2025-09-01 21:54:20'),
(302, '2024-02-03', 'Limpieza 03-Feb', 'Marco Delgado', NULL, 1, 'Transferencia', '1.00', '400.00', 'G', 1, '2025-09-01 21:54:20'),
(303, '2024-02-04', 'Mensualidad clase Batería G Fanny Ieraldini Guitierrez Jasso', 'Julio Olvera', NULL, 1, 'Transferencia', '1.00', '1500.00', 'I', 3, '2025-09-01 21:54:20'),
(304, '2024-02-09', 'Mensualidad clase Guitarra I Alan Mateo Gomez Juarez', 'Irwin Hernandez', NULL, 1, 'TPV', '1.00', '2000.00', 'I', 3, '2025-09-01 21:54:20'),
(305, '2024-02-09', 'Mensualidad clase Batería G Leonardo Landa Sanchez', 'Julio Olvera', NULL, 1, 'TPV', '1.00', '1350.00', 'I', 3, '2025-09-01 21:54:20'),
(306, '2024-02-10', 'Limpieza 10-Feb', 'Escuela', NULL, 1, 'Transferencia', '1.00', '400.00', 'G', 4, '2025-09-01 21:54:20'),
(307, '2024-02-12', 'Servicio AI para Anuncios', 'Escuela', NULL, 1, 'Transferencia', '1.00', '343.42', 'G', 4, '2025-09-01 21:54:20'),
(308, '2024-02-16', 'Pago Frank - Quincena', 'Marco Delgado', NULL, 1, 'Transferencia', '1.00', '2000.00', 'G', 1, '2025-09-01 21:54:20'),
(309, '2024-02-18', 'Total Play', 'Marco Delgado', NULL, 1, 'Transferencia', '1.00', '549.00', 'G', 1, '2025-09-01 21:54:20'),
(310, '2024-02-19', 'Limpieza 17-Feb', 'Escuela', NULL, 1, 'Transferencia', '1.00', '400.00', 'G', 4, '2025-09-01 21:54:20'),
(311, '2024-02-20', 'Mensualidad clase Guitarra G Guadalupe Donaji Arellano Ramirez', 'Hugo Vazquez', NULL, 1, 'TPV', '1.00', '1350.00', 'I', 3, '2025-09-01 21:54:20'),
(312, '2024-02-23', 'Renta Febrero', 'Antonio Razo', NULL, 1, 'Transferencia', '1.00', '11560.00', 'G', 2, '2025-09-01 21:54:20'),
(313, '2024-02-23', 'Google Ads', 'Antonio Razo', NULL, 1, 'Transferencia', '1.00', '5000.00', 'G', 2, '2025-09-01 21:54:20'),
(314, '2024-02-24', 'Limpieza 24-Feb', 'Escuela', NULL, 1, 'Transferencia', '1.00', '400.00', 'G', 4, '2025-09-01 21:54:20'),
(315, '2024-02-25', 'SSL Emprendedor (25/02/2024 - 24/02/2025) *	$448.00', 'Marco Delgado', NULL, 2, 'TDC', '1.00', '519.68', 'G', 1, '2025-09-01 21:54:20'),
(316, '2024-02-27', 'Mensualidad clase Guitarra G Enrique Alexander Roldan Lopez', 'Hugo Vazquez', NULL, 1, 'Transferencia', '1.00', '1350.00', 'I', 3, '2025-09-01 21:54:20'),
(317, '2024-02-27', 'Mensualidad clase Batería G Enrique Alexander Roldan Lopez', 'Hugo Vazquez', NULL, 1, 'TPV', '1.00', '1350.00', 'I', 3, '2025-09-01 21:54:20'),
(318, '2024-02-28', 'Transferencia Escuela a Antonio Razo - Cargo', 'Escuela', NULL, 1, 'Transferencia', '1.00', '10000.00', 'G', 4, '2025-09-01 21:54:20'),
(319, '2024-02-28', 'Transferencia Escuela a Antonio Razo - Abono', 'Antonio Razo', NULL, 1, 'Transferencia', '1.00', '10000.00', 'I', 2, '2025-09-01 21:54:20'),
(320, '2024-02-29', 'Comisiones TPV', 'Escuela', NULL, 1, 'TPV', '1.00', '752.26', 'G', 4, '2025-09-01 21:54:20'),
(321, '2024-02-29', 'Pago Frank - Quincena', 'Marco Delgado', NULL, 1, 'Transferencia', '1.00', '2000.00', 'G', 1, '2025-09-01 21:54:20'),
(322, '2024-02-29', 'Clases de Batería Julio Olvera', 'Escuela', NULL, 1, 'Transferencia', '1.00', '1200.00', 'G', 4, '2025-09-01 21:54:20'),
(323, '2024-02-29', 'Clases de Guitarra Hugo Vazquez', 'Escuela', NULL, 1, 'Transferencia', '1.00', '1200.00', 'G', 4, '2025-09-01 21:54:20'),
(324, '2024-02-29', 'Clases de Teclado Manuel Reyes', 'Escuela', NULL, 1, 'Transferencia', '1.00', '400.00', 'G', 4, '2025-09-01 21:54:20'),
(325, '2024-02-29', 'Clases de Bajo Luis Blanquet', 'Escuela', NULL, 1, 'Transferencia', '1.00', '400.00', 'G', 4, '2025-09-01 21:54:20'),
(326, '2024-02-29', 'Mensualidad clase Bajo G Brenda Serrano Cervantes', 'Luis Blanquet', NULL, 1, 'Transferencia', '1.00', '1500.00', 'I', 3, '2025-09-01 21:54:20'),
(327, '2024-03-01', 'Mensualidad clase Teclado G Luis Erik Arias Ayala', 'Manuel Reyes', NULL, 1, 'TPV', '1.00', '1500.00', 'I', 3, '2025-09-01 21:54:20'),
(328, '2024-03-02', 'Mantenimiento Marzo', 'Antonio Razo', NULL, 1, 'Transferencia', '1.00', '684.00', 'G', 2, '2025-09-01 21:54:20'),
(329, '2024-03-02', 'Limpieza 01-Mar', 'Escuela', NULL, 1, 'Transferencia', '1.00', '400.00', 'G', 4, '2025-09-01 21:54:20'),
(330, '2024-03-04', 'Mensualidad clase Batería G Fanny Ieraldini Guitierrez Jasso', 'Julio Olvera', NULL, 1, 'Transferencia', '1.00', '1500.00', 'I', 3, '2025-09-01 21:54:20'),
(331, '2024-03-04', 'Mensualidad clase Batería I Rebeca Guadalupe Juarez Vergara', 'Julio Olvera', NULL, 1, 'TPV', '1.00', '2000.00', 'I', 3, '2025-09-01 21:54:20'),
(332, '2024-03-08', 'Cloro, jabón, papel de baño', 'Escuela', NULL, 1, 'Efectivo', '1.00', '150.00', 'G', 4, '2025-09-01 21:54:20'),
(333, '2024-03-09', 'Limpieza 08-Mar', 'Escuela', NULL, 1, 'Transferencia', '1.00', '400.00', 'G', 4, '2025-09-01 21:54:20'),
(334, '2024-03-09', 'Mensualidad clase Guitarra I Alan Mateo Gomez Juarez', 'Irwin Hernandez', NULL, 1, 'TPV', '1.00', '2000.00', 'I', 3, '2025-09-01 21:54:20'),
(335, '2024-03-09', 'Mensualidad clase Batería G Leonardo Landa Sanchez', 'Julio Olvera', NULL, 1, 'TPV', '1.00', '1350.00', 'I', 3, '2025-09-01 21:54:20'),
(336, '2024-03-12', 'Pago CFE', 'Marco Delgado', NULL, 1, 'Transferencia', '1.00', '643.00', 'G', 1, '2025-09-01 21:54:20'),
(337, '2024-03-15', 'Pago Frank - Quincena', 'Escuela', NULL, 1, 'Transferencia', '1.00', '2000.00', 'G', 4, '2025-09-01 21:54:20'),
(338, '2024-03-15', 'Mensualidad clase Guitarra G Alondra Cecilia Morales Alvarez', 'Hugo Vazquez', NULL, 1, 'TPV', '1.00', '1350.00', 'I', 3, '2025-09-01 21:54:20'),
(339, '2024-03-16', 'Total Play', 'Escuela', NULL, 1, 'Transferencia', '1.00', '499.00', 'G', 4, '2025-09-01 21:54:20'),
(340, '2024-03-18', 'Limpieza 15-Mar', 'Escuela', NULL, 1, 'Transferencia', '1.00', '400.00', 'G', 4, '2025-09-01 21:54:20'),
(341, '2024-03-19', 'Mensualidad clase Bajo G Mateo Ludwig', 'Luis Blanquet', NULL, 1, 'TPV', '1.00', '1500.00', 'I', 3, '2025-09-01 21:54:20'),
(342, '2024-03-20', 'Mensualidad clase Guitarra G Guadalupe Donaji Arellano Ramirez', 'Hugo Vazquez', NULL, 1, 'TPV', '1.00', '1350.00', 'I', 3, '2025-09-01 21:54:20'),
(343, '2024-03-22', 'Limpieza 22-Mar', 'Escuela', NULL, 1, 'Transferencia', '1.00', '400.00', 'G', 4, '2025-09-01 21:54:20'),
(344, '2024-03-22', 'Renta Marzo', 'Escuela', NULL, 1, 'Transferencia', '1.00', '11560.00', 'G', 4, '2025-09-01 21:54:20'),
(345, '2024-03-22', 'Mensualidad clase Teclado G Oscar Castilla', 'Manuel Reyes', NULL, 1, 'TPV', '1.00', '1350.00', 'I', 3, '2025-09-01 21:54:20'),
(346, '2024-03-25', 'Google Ads', 'Antonio Razo', NULL, 1, 'TDC', '1.00', '5000.00', 'G', 2, '2025-09-01 21:54:20'),
(347, '2024-03-27', 'Renovar Dominio - symbiot-technologies.com - 1 Año(s) (26/04/2024 - 25/04/2025) *', 'Marco Delgado', NULL, 2, 'TDC', '1.00', '270.98', 'G', 1, '2025-09-01 21:54:20'),
(348, '2024-03-27', 'Mensualidad clase Guitarra G Enrique Alexander Roldan Lopez', 'Hugo Vazquez', NULL, 1, 'Transferencia', '1.00', '1350.00', 'I', 3, '2025-09-01 21:54:20'),
(349, '2024-03-29', 'Plan Emprendedor (Plesk) - symbiot.com.mx (27/04/2024 - 26/04/2025) *', 'Marco Delgado', NULL, 2, 'TDC', '1.00', '660.04', 'G', 1, '2025-09-01 21:54:20'),
(350, '2024-03-29', 'Mensualidad clase Bajo G Brenda Serrano Cervantes', 'Luis Blanquet', NULL, 1, 'Transferencia', '1.00', '1500.00', 'I', 3, '2025-09-01 21:54:20'),
(351, '2024-03-30', 'Limpieza 29-Mar', 'Escuela', NULL, 1, 'Transferencia', '1.00', '400.00', 'G', 4, '2025-09-01 21:54:20'),
(352, '2024-03-31', 'Comisiones TPV', 'Escuela', NULL, 1, 'TPV', '1.00', '949.17', 'G', 4, '2025-09-01 21:54:20'),
(353, '2024-03-31', 'Pago Frank - Quincena', 'Marco Delgado', NULL, 1, 'Transferencia', '1.00', '2000.00', 'G', 1, '2025-09-01 21:54:20'),
(354, '2024-03-31', 'Clases de Batería Julio Olvera', 'Escuela', NULL, 1, 'Transferencia', '1.00', '1820.00', 'G', 4, '2025-09-01 21:54:20'),
(355, '2024-03-31', 'Clases de Guitarra Hugo Vazquez', 'Escuela', NULL, 1, 'Transferencia', '1.00', '2200.00', 'G', 4, '2025-09-01 21:54:20'),
(356, '2024-03-31', 'Clases de Teclado Manuel Reyes', 'Escuela', NULL, 1, 'Transferencia', '1.00', '800.00', 'G', 4, '2025-09-01 21:54:20'),
(357, '2024-03-31', 'Clases de Bajo Luis Blanquet', 'Escuela', NULL, 1, 'Transferencia', '1.00', '800.00', 'G', 4, '2025-09-01 21:54:20'),
(358, '2024-04-01', 'Mensualidad clase Teclado G Luis Erik Arias Ayala', 'Manuel Reyes', NULL, 1, 'TPV', '1.00', '1500.00', 'I', 3, '2025-09-01 21:54:20'),
(359, '2024-04-04', 'Mensualidad clase Batería G Fanny Ieraldini Guitierrez Jasso', 'Julio Olvera', NULL, 1, 'Transferencia', '1.00', '1500.00', 'I', 3, '2025-09-01 21:54:20');
INSERT INTO `transacciones` (`id`, `fecha`, `concepto`, `socio`, `cliente_id`, `empresa_id`, `forma_pago`, `cantidad`, `precio_unitario`, `tipo`, `created_by`, `created_at`) VALUES
(360, '2024-04-04', 'Mantenimiento Abril', 'Antonio Razo', NULL, 1, 'Transferencia', '1.00', '684.00', 'G', 2, '2025-09-01 21:54:20'),
(361, '2024-04-04', 'Mensualidad clase Batería I Rebeca Guadalupe Juarez Vergara', 'Julio Olvera', NULL, 1, 'TPV', '1.00', '2000.00', 'I', 3, '2025-09-01 21:54:20'),
(362, '2024-04-08', 'Limpieza 08-Abr', 'Escuela', NULL, 1, 'Transferencia', '1.00', '400.00', 'G', 4, '2025-09-01 21:54:20'),
(363, '2024-04-09', 'Mensualidad clase Guitarra I Alan Mateo Gomez Juarez', 'Irwin Hernandez', NULL, 1, 'TPV', '1.00', '2000.00', 'I', 3, '2025-09-01 21:54:20'),
(364, '2024-04-09', 'Mensualidad clase Batería G Leonardo Landa Sanchez', 'Julio Olvera', NULL, 1, 'TPV', '1.00', '1350.00', 'I', 3, '2025-09-01 21:54:20'),
(365, '2024-04-14', 'Limpieza 13-Abr', 'Escuela', NULL, 1, 'Transferencia', '1.00', '400.00', 'G', 4, '2025-09-01 21:54:20'),
(366, '2024-04-15', 'Mensualidad clase Guitarra G Alondra Cecilia Morales Alvarez', 'Hugo Vazquez', NULL, 1, 'TPV', '1.00', '1350.00', 'I', 3, '2025-09-01 21:54:20'),
(367, '2024-04-17', 'Quincena Frank', 'Escuela', NULL, 1, 'Transferencia', '1.00', '2000.00', 'G', 4, '2025-09-01 21:54:20'),
(368, '2024-04-17', 'Videos Frank Rockstar Skull', 'Escuela', NULL, 1, 'Transferencia', '8.00', '256.25', 'G', 4, '2025-09-01 21:54:20'),
(369, '2024-04-17', 'Renta parte 1 de 3', 'Marco Delgado', NULL, 1, 'Transferencia', '1.00', '3000.00', 'G', 1, '2025-09-01 21:54:20'),
(370, '2024-04-20', 'Mensualidad clase Guitarra G Guadalupe Donaji Arellano Ramirez', 'Hugo Vazquez', NULL, 1, 'TPV', '1.00', '1350.00', 'I', 3, '2025-09-01 21:54:20'),
(371, '2024-04-21', 'Renta parte 2 de 3', 'Escuela', NULL, 1, 'Transferencia', '1.00', '6000.00', 'G', 4, '2025-09-01 21:54:20'),
(372, '2024-04-21', 'Renta parte 3 de 3', 'Antonio Razo', NULL, 1, 'Transferencia', '1.00', '2560.00', 'G', 2, '2025-09-01 21:54:20'),
(373, '2024-04-21', 'Total Play', 'Marco Delgado', NULL, 1, 'Transferencia', '1.00', '549.00', 'G', 1, '2025-09-01 21:54:20'),
(374, '2024-04-21', 'Limpieza 20-Abr', 'Escuela', NULL, 1, 'Transferencia', '1.00', '400.00', 'G', 4, '2025-09-01 21:54:20'),
(375, '2024-04-22', 'Mensualidad clase Teclado G Oscar Castilla', 'Manuel Reyes', NULL, 1, 'TPV', '1.00', '1350.00', 'I', 3, '2025-09-01 21:54:20'),
(376, '2024-04-27', 'Renovar Dominio - symbiot.com.mx - 1 Año(s) (28/04/2024 - 27/04/2025) *', 'Marco Delgado', NULL, 2, 'TDC', '1.00', '350.78', 'G', 1, '2025-09-01 21:54:20'),
(377, '2024-04-27', 'Limpieza 27-Abr', 'Escuela', NULL, 1, 'Transferencia', '1.00', '400.00', 'G', 4, '2025-09-01 21:54:20'),
(378, '2024-04-29', 'Meta Ads', 'Antonio Razo', NULL, 1, 'Transferencia', '1.00', '5000.00', 'G', 2, '2025-09-01 21:54:20'),
(379, '2024-04-30', 'Pago Frank - Quincena', 'Marco Delgado', NULL, 1, 'Transferencia', '1.00', '3500.00', 'G', 1, '2025-09-01 21:54:20'),
(380, '2024-04-30', 'Clases de Teclado Manuel Reyes', 'Marco Delgado', NULL, 1, 'Transferencia', '1.00', '560.00', 'G', 1, '2025-09-01 21:54:20'),
(381, '2024-04-30', 'Clases de Guitarra Electrica', 'Marco Delgado', NULL, 1, 'Transferencia', '1.00', '1660.00', 'G', 1, '2025-09-01 21:54:20'),
(382, '2024-04-30', 'Clases de Batería Julio Olvera', 'Marco Delgado', NULL, 1, 'Transferencia', '1.00', '1660.00', 'G', 1, '2025-09-01 21:54:20'),
(383, '2024-04-30', 'Comisiones TPV', 'Escuela', NULL, 1, 'TPV', '1.00', '711.66', 'G', 4, '2025-09-01 21:54:20'),
(384, '2024-05-01', 'Mensualidad clase Teclado G Luis Erik Arias Ayala', 'Manuel Reyes', NULL, 1, 'TPV', '1.00', '0.00', 'I', 3, '2025-09-01 21:54:20'),
(385, '2024-05-04', 'Mensualidad clase Batería G Fanny Ieraldini Guitierrez Jasso', 'Julio Olvera', NULL, 1, 'Transferencia', '1.00', '1500.00', 'I', 3, '2025-09-01 21:54:20'),
(386, '2024-05-04', 'Hosting Suempresa.com', 'Antonio Razo', NULL, 1, 'Transferencia', '1.00', '986.00', 'G', 2, '2025-09-01 21:54:20'),
(387, '2024-05-04', 'Mantenimiento Mayo', 'Antonio Razo', NULL, 1, 'Transferencia', '1.00', '684.00', 'G', 2, '2025-09-01 21:54:20'),
(388, '2024-05-04', 'Mensualidad clase Batería I Rebeca Guadalupe Juarez Vergara', 'Julio Olvera', NULL, 1, 'TPV', '1.00', '2000.00', 'I', 3, '2025-09-01 21:54:20'),
(389, '2024-05-05', 'Limpieza 5-May', 'Escuela', NULL, 1, 'Transferencia', '1.00', '400.00', 'G', 4, '2025-09-01 21:54:20'),
(390, '2024-05-08', 'Módulo lector de Micro SD', 'Marco Delgado', NULL, 2, 'TDC', '1.00', '43.60', 'G', 1, '2025-09-01 21:54:20'),
(391, '2024-05-08', 'Modulo Carga Tipo C Batería De Litio Tp4056 18650 10 Piezas', 'Marco Delgado', NULL, 2, 'TDC', '1.00', '87.40', 'G', 1, '2025-09-01 21:54:20'),
(392, '2024-05-08', 'Modulo Bluetooth Hc-06 Para Arduino Pic Raspberry', 'Marco Delgado', NULL, 2, 'TDC', '1.00', '76.89', 'G', 1, '2025-09-01 21:54:21'),
(393, '2024-05-08', 'Modulo Red Ethernet Enc28j60 Versión Mini Lan', 'Marco Delgado', NULL, 2, 'TDC', '1.00', '140.00', 'G', 1, '2025-09-01 21:54:21'),
(394, '2024-05-08', 'Placa De Comunicación Cp2102 Usb Uart (tipo C), Usb A Uart', 'Marco Delgado', NULL, 2, 'TDC', '1.00', '399.00', 'G', 1, '2025-09-01 21:54:21'),
(395, '2024-05-08', 'Módulo de sensor de aceleración NRF51822 LIS3DH placa', 'Marco Delgado', NULL, 2, 'TDC', '1.00', '134.21', 'G', 1, '2025-09-01 21:54:21'),
(396, '2024-05-08', 'Módulo acelerómetro NRF51822 LIS3DH', 'Marco Delgado', NULL, 2, 'TDC', '1.00', '136.12', 'G', 1, '2025-09-01 21:54:21'),
(397, '2024-05-08', 'Fielect Caja de cable impemeable de plástico IP65 120x80x65', 'Marco Delgado', NULL, 2, 'TDC', '3.00', '325.97', 'G', 1, '2025-09-01 21:54:21'),
(398, '2024-05-08', 'Transferencia Escuela a Marco (cargo)', 'Escuela', NULL, 1, 'Transferencia', '1.00', '5000.00', 'G', 4, '2025-09-01 21:54:21'),
(399, '2024-05-08', 'Transferencia Escuela a Marco (abono)', 'Marco Delgado', NULL, 1, 'Transferencia', '1.00', '5000.00', 'I', 1, '2025-09-01 21:54:21'),
(400, '2024-05-08', 'Pago CFE', 'Marco Delgado', NULL, 1, 'Transferencia', '1.00', '730.00', 'G', 1, '2025-09-01 21:54:21'),
(401, '2024-05-08', 'Mensualidad clase Guitarra G Daniel Alexander Hernandez Arce', 'Hugo Vazquez', NULL, 1, 'TPV', '1.00', '1200.00', 'I', 3, '2025-09-01 21:54:21'),
(402, '2024-05-08', 'Mensualidad clase Teclado G Daniel Alexander Hernandez Arce', 'Hugo Vazquez', NULL, 1, 'TPV', '1.00', '1200.00', 'I', 3, '2025-09-01 21:54:21'),
(403, '2024-05-08', 'Mensualidad clase Batería G Luciano Ariel Hernandez Arce', 'Julio Olvera', NULL, 1, 'TPV', '1.00', '1200.00', 'I', 3, '2025-09-01 21:54:21'),
(404, '2024-05-08', 'Mensualidad clase Teclado G Luciano Ariel Hernandez Arce', 'Julio Olvera', NULL, 1, 'TPV', '1.00', '1200.00', 'I', 3, '2025-09-01 21:54:21'),
(405, '2024-05-09', 'CTIM-3 Huella Estructural', 'Marco Delgado', NULL, 2, 'Transferencia', '1.00', '42125.00', 'I', 1, '2025-09-01 21:54:21'),
(406, '2024-05-09', 'Mensualidad clase Guitarra I Alan Mateo Gomez Juarez', 'Irwin Hernandez', NULL, 1, 'TPV', '1.00', '2000.00', 'I', 3, '2025-09-01 21:54:21'),
(407, '2024-05-09', 'Google Ads', 'Escuela', NULL, 1, 'Transferencia', '1.00', '5000.00', 'G', 4, '2025-09-01 21:54:21'),
(408, '2024-05-09', 'Mensualidad clase Batería G Leonardo Landa Sanchez', 'Julio Olvera', NULL, 1, 'TPV', '1.00', '1350.00', 'I', 3, '2025-09-01 21:54:21'),
(409, '2024-05-10', 'Transferencia Escuela a Marco (cargo)', 'Escuela', NULL, 1, 'Transferencia', '1.00', '3659.00', 'G', 4, '2025-09-01 21:54:21'),
(410, '2024-05-10', 'Transferencia Escuela a Marco (abono)', 'Marco Delgado', NULL, 1, 'Transferencia', '1.00', '3659.00', 'I', 1, '2025-09-01 21:54:21'),
(411, '2024-05-13', 'Limpieza 12-May', 'Escuela', NULL, 1, 'Transferencia', '1.00', '400.00', 'G', 4, '2025-09-01 21:54:21'),
(412, '2024-05-15', 'Tester Acelerómetro ADXL355B', 'Marco Delgado', NULL, 2, 'TDC', '1.00', '2303.59', 'G', 1, '2025-09-01 21:54:21'),
(413, '2024-05-15', 'Mensualidad clase Guitarra G Alondra Cecilia Morales Alvarez', 'Hugo Vazquez', NULL, 1, 'TPV', '1.00', '1350.00', 'I', 3, '2025-09-01 21:54:21'),
(414, '2024-05-17', 'DHL Express Import Taxes', 'Marco Delgado', NULL, 2, 'TDC', '1.00', '919.39', 'G', 1, '2025-09-01 21:54:21'),
(415, '2024-05-18', 'Pago Frank - Quincena', 'Marco Delgado', NULL, 1, 'Transferencia', '1.00', '3500.00', 'G', 1, '2025-09-01 21:54:21'),
(416, '2024-05-19', 'Limpieza 18-May', 'Escuela', NULL, 1, 'Transferencia', '1.00', '400.00', 'G', 4, '2025-09-01 21:54:21'),
(417, '2024-05-20', 'Total Play', 'Marco Delgado', NULL, 1, 'Transferencia', '1.00', '549.00', 'G', 1, '2025-09-01 21:54:21'),
(418, '2024-05-20', 'Renta parte 1 de 3', 'Marco Delgado', NULL, 1, 'Transferencia', '1.00', '3000.00', 'G', 1, '2025-09-01 21:54:21'),
(419, '2024-05-20', 'Mensualidad clase Guitarra G Guadalupe Donaji Arellano Ramirez', 'Hugo Vazquez', NULL, 1, 'TPV', '1.00', '1350.00', 'I', 3, '2025-09-01 21:54:21'),
(420, '2024-05-22', 'Renta parte 2 de 3', 'Escuela', NULL, 1, 'Transferencia', '1.00', '6000.00', 'G', 4, '2025-09-01 21:54:21'),
(421, '2024-05-22', 'Renta parte 3 de 3', 'Antonio Razo', NULL, 1, 'Transferencia', '1.00', '2560.00', 'G', 2, '2025-09-01 21:54:21'),
(422, '2024-05-22', 'Mensualidad clase Teclado G Oscar Castilla', 'Manuel Reyes', NULL, 1, 'TPV', '1.00', '1350.00', 'I', 3, '2025-09-01 21:54:21'),
(423, '2024-05-27', 'Limpieza 25-May', 'Escuela', NULL, 1, 'Transferencia', '1.00', '400.00', 'G', 4, '2025-09-01 21:54:21'),
(424, '2024-05-30', 'Baterías recargables, módulos porta Baterías, módulos de carga', 'Marco Delgado', NULL, 2, 'TDC', '1.00', '1097.89', 'G', 1, '2025-09-01 21:54:21'),
(425, '2024-05-31', 'Comisiones TPV', 'Escuela', NULL, 1, 'TPV', '1.00', '1022.25', 'G', 4, '2025-09-01 21:54:21'),
(426, '2024-05-31', 'Pago Frank - Quincena', 'Marco Delgado', NULL, 1, 'Transferencia', '1.00', '3500.00', 'G', 1, '2025-09-01 21:54:21'),
(427, '2024-05-31', 'Clases de Teclado Manuel Reyes', 'Escuela', NULL, 1, 'Transferencia', '1.00', '1600.00', 'G', 4, '2025-09-01 21:54:21'),
(428, '2024-05-31', 'Clases de Guitarra Electrica', 'Marco Delgado', NULL, 1, 'Transferencia', '1.00', '2060.00', 'G', 1, '2025-09-01 21:54:21'),
(429, '2024-05-31', 'Clases de Batería Julio Olvera', 'Marco Delgado', NULL, 1, 'Transferencia', '1.00', '1900.00', 'G', 1, '2025-09-01 21:54:21'),
(430, '2024-05-31', 'Mensualidad clase Guitarra G Axel Adrian Hernandez Martinez', 'Hugo Vazquez', NULL, 1, 'TPV', '1.00', '1350.00', 'I', 3, '2025-09-01 21:54:21'),
(431, '2024-06-01', 'Mensualidad clase Teclado G Luis Erik Arias Ayala', 'Manuel Reyes', NULL, 1, 'TPV', '1.00', '1500.00', 'I', 3, '2025-09-01 21:54:21'),
(432, '2024-06-01', 'Limpieza 1-Jun', 'Escuela', NULL, 1, 'Transferencia', '1.00', '400.00', 'G', 4, '2025-09-01 21:54:21'),
(433, '2024-06-01', 'Mensualidad clase Guitarra G Luzbel Rueda Muñoz', 'Hugo Vazquez', NULL, 1, 'Transferencia', '1.00', '1350.00', 'I', 3, '2025-09-01 21:54:21'),
(434, '2024-06-03', 'Transferencia Escuela a Marco (cargo)', 'Escuela', NULL, 1, 'Transferencia', '1.00', '5000.00', 'G', 4, '2025-09-01 21:54:21'),
(435, '2024-06-03', 'Transferencia Escuela a Marco (abono)', 'Marco Delgado', NULL, 1, 'Transferencia', '1.00', '5000.00', 'I', 1, '2025-09-01 21:54:21'),
(436, '2024-06-04', 'Mensualidad clase Batería G Fanny Ieraldini Guitierrez Jasso', 'Julio Olvera', NULL, 1, 'Transferencia', '1.00', '1500.00', 'I', 3, '2025-09-01 21:54:21'),
(437, '2024-06-04', 'Mensualidad clase Batería I Rebeca Guadalupe Juarez Vergara', 'Julio Olvera', NULL, 1, 'TPV', '1.00', '2000.00', 'I', 3, '2025-09-01 21:54:21'),
(438, '2024-06-04', 'Mensualidad clase Batería G Aidan Crosby Lobo', 'Julio Olvera', NULL, 1, 'TPV', '1.00', '1350.00', 'I', 3, '2025-09-01 21:54:21'),
(439, '2024-06-05', 'Comida con Socios de Huella Estructural - La Buena Barra', 'Marco Delgado', NULL, 2, 'TDC', '1.00', '8204.10', 'G', 1, '2025-09-01 21:54:21'),
(440, '2024-06-09', 'Mensualidad clase Guitarra I Alan Mateo Gomez Juarez', 'Irwin Hernandez', NULL, 1, 'TPV', '1.00', '2000.00', 'I', 3, '2025-09-01 21:54:21'),
(441, '2024-06-09', 'Limpieza - 9 Jun', 'Escuela', NULL, 1, 'Transferencia', '1.00', '400.00', 'G', 4, '2025-09-01 21:54:21'),
(442, '2024-06-09', 'Mensualidad clase Batería G Leonardo Landa Sanchez', 'Julio Olvera', NULL, 1, 'TPV', '1.00', '1350.00', 'I', 3, '2025-09-01 21:54:21'),
(443, '2024-06-10', 'Mensualidad clase Guitarra G Erik Alcantara Trejo', 'Hugo Vazquez', NULL, 1, 'TPV', '1.00', '1350.00', 'I', 3, '2025-09-01 21:54:21'),
(444, '2024-06-11', 'Playeras y Tazas Rockstar Skull', 'Marco Delgado', NULL, 1, 'Transferencia', '1.00', '4488.00', 'G', 1, '2025-09-01 21:54:21'),
(445, '2024-06-15', 'Quincena Frank', 'Marco Delgado', NULL, 1, 'Transferencia', '1.00', '3500.00', 'G', 1, '2025-09-01 21:54:21'),
(446, '2024-06-15', 'Mensualidad clase Guitarra G Alondra Cecilia Morales Alvarez', 'Hugo Vazquez', NULL, 1, 'TPV', '1.00', '1350.00', 'I', 3, '2025-09-01 21:54:21'),
(447, '2024-06-16', 'Limpieza 16 Jun', 'Escuela', NULL, 1, 'Transferencia', '1.00', '400.00', 'G', 4, '2025-09-01 21:54:21'),
(448, '2024-06-16', 'Total Play', 'Marco Delgado', NULL, 1, 'Transferencia', '1.00', '519.00', 'G', 1, '2025-09-01 21:54:21'),
(449, '2024-06-18', 'Transferencia Escuela a Marco (cargo)', 'Escuela', NULL, 1, 'Transferencia', '1.00', '3500.00', 'G', 4, '2025-09-01 21:54:21'),
(450, '2024-06-18', 'Transferencia Escuela a Marco (abono)', 'Marco Delgado', NULL, 1, 'Transferencia', '1.00', '3500.00', 'I', 1, '2025-09-01 21:54:21'),
(451, '2024-06-20', 'Mensualidad clase Guitarra G Guadalupe Donaji Arellano Ramirez', 'Hugo Vazquez', NULL, 1, 'TPV', '1.00', '1350.00', 'I', 3, '2025-09-01 21:54:21'),
(452, '2024-06-22', 'Renta Junio 1 de 3', 'Escuela', NULL, 1, 'Transferencia', '1.00', '6000.00', 'G', 4, '2025-09-01 21:54:21'),
(453, '2024-06-22', 'Renta Junio 2 de 3', 'Antonio Razo', NULL, 1, 'Transferencia', '1.00', '3000.00', 'G', 2, '2025-09-01 21:54:21'),
(454, '2024-06-22', 'Renta Junio 3 de 3', 'Marco Delgado', NULL, 1, 'Transferencia', '1.00', '2560.00', 'G', 1, '2025-09-01 21:54:21'),
(455, '2024-06-22', 'Mensualidad clase Teclado G Oscar Castilla', 'Manuel Reyes', NULL, 1, 'TPV', '1.00', '1350.00', 'I', 3, '2025-09-01 21:54:21'),
(456, '2024-06-23', 'Limpieza 23 Jun', 'Escuela', NULL, 1, 'Transferencia', '1.00', '400.00', 'G', 4, '2025-09-01 21:54:21'),
(457, '2024-06-29', 'Meta Ads', 'Antonio Razo', NULL, 1, 'Transferencia', '1.00', '5000.00', 'G', 2, '2025-09-01 21:54:21'),
(458, '2024-06-30', 'Limpieza 30 Jun', 'Escuela', NULL, 1, 'Transferencia', '1.00', '400.00', 'G', 4, '2025-09-01 21:54:21'),
(459, '2024-06-30', 'Clases de Batería Julio Olvera', 'Marco Delgado', NULL, 1, 'Transferencia', '1.00', '1980.00', 'G', 1, '2025-09-01 21:54:21'),
(460, '2024-06-30', 'Quincena Frank', 'Marco Delgado', NULL, 1, 'Transferencia', '1.00', '3500.00', 'G', 1, '2025-09-01 21:54:21'),
(461, '2024-06-30', 'Clases de Guitarra Electrica', 'Marco Delgado', NULL, 1, 'Transferencia', '1.00', '2940.00', 'G', 1, '2025-09-01 21:54:21'),
(462, '2024-06-30', 'Clase de muestra Bajo', 'Marco Delgado', NULL, 1, 'Transferencia', '1.00', '80.00', 'G', 1, '2025-09-01 21:54:21'),
(463, '2024-06-30', 'Clase de muestra Canto', 'Marco Delgado', NULL, 1, 'Transferencia', '1.00', '80.00', 'G', 1, '2025-09-01 21:54:21'),
(464, '2024-06-30', 'Clases de Teclado Manuel Reyes', 'Marco Delgado', NULL, 1, 'Transferencia', '1.00', '720.00', 'G', 1, '2025-09-01 21:54:21'),
(465, '2024-06-30', 'Pago CFE', 'Marco Delgado', NULL, 1, 'Transferencia', '1.00', '753.00', 'G', 1, '2025-09-01 21:54:21'),
(466, '2024-06-30', 'Comisiones TPV', 'Escuela', NULL, 1, 'Transferencia', '1.00', '930.90', 'G', 4, '2025-09-01 21:54:21'),
(467, '2024-06-30', 'Mensualidad clase Guitarra G Axel Adrian Hernandez Martinez', 'Hugo Vazquez', NULL, 1, 'TPV', '1.00', '1350.00', 'I', 3, '2025-09-01 21:54:21'),
(468, '2024-07-01', 'Mensualidad clase Teclado G Luis Erik Arias Ayala', 'Manuel Reyes', NULL, 1, 'TPV', '1.00', '0.00', 'I', 3, '2025-09-01 21:54:21'),
(469, '2024-07-01', 'Mensualidad clase Guitarra G Luzbel Rueda Muñoz', 'Hugo Vazquez', NULL, 1, 'Transferencia', '1.00', '1350.00', 'I', 3, '2025-09-01 21:54:21'),
(470, '2024-07-04', 'Mensualidad clase Batería G Fanny Ieraldini Guitierrez Jasso', 'Julio Olvera', NULL, 1, 'Transferencia', '1.00', '1350.00', 'I', 3, '2025-09-01 21:54:21'),
(471, '2024-07-04', 'Mensualidad clase Batería I Rebeca Guadalupe Juarez Vergara', 'Julio Olvera', NULL, 1, 'TPV', '1.00', '2000.00', 'I', 3, '2025-09-01 21:54:21'),
(472, '2024-07-04', 'Mensualidad clase Batería G Aidan Crosby Lobo', 'Julio Olvera', NULL, 1, 'TPV', '1.00', '1350.00', 'I', 3, '2025-09-01 21:54:21'),
(473, '2024-07-04', 'Mensualidad clase Guitarra G Manuel Santiago Mendoza', 'Irwin Hernandez', NULL, 1, 'TPV', '1.00', '1350.00', 'I', 3, '2025-09-01 21:54:21'),
(474, '2024-07-05', 'Mensualidad clase Guitarra G Leonardo Arturo Gomez Lopez', 'Irwin Hernandez', NULL, 1, 'TPV', '1.00', '1350.00', 'I', 3, '2025-09-01 21:54:21'),
(475, '2024-07-05', 'Mensualidad clase Guitarra G Rui Ortiz', 'Hugo Vazquez', NULL, 1, 'TPV', '1.00', '1350.00', 'I', 3, '2025-09-01 21:54:21'),
(476, '2024-07-06', 'Limpieza 06-Jul', 'Escuela', NULL, 1, 'Transferencia', '1.00', '400.00', 'G', 4, '2025-09-01 21:54:21'),
(477, '2024-07-08', 'Mantenimiento Julio', 'Escuela', NULL, 1, 'Transferencia', '1.00', '750.00', 'G', 4, '2025-09-01 21:54:21'),
(478, '2024-07-09', 'Mensualidad clase Guitarra I Alan Mateo Gomez Juarez', 'Irwin Hernandez', NULL, 1, 'TPV', '1.00', '2000.00', 'I', 3, '2025-09-01 21:54:21'),
(479, '2024-07-09', 'Mensualidad clase Batería G Leonardo Landa Sanchez', 'Julio Olvera', NULL, 1, 'TPV', '1.00', '1350.00', 'I', 3, '2025-09-01 21:54:21'),
(480, '2024-07-10', 'Mensualidad clase Guitarra G Erik Alcantara Trejo', 'Hugo Vazquez', NULL, 1, 'TPV', '1.00', '1350.00', 'I', 3, '2025-09-01 21:54:21'),
(481, '2024-07-13', 'Limpieza 13-Jul', 'Escuela', NULL, 1, 'Transferencia', '1.00', '400.00', 'G', 4, '2025-09-01 21:54:21'),
(482, '2024-07-13', 'Quincena Frank', 'Escuela', NULL, 1, 'Transferencia', '1.00', '3500.00', 'G', 4, '2025-09-01 21:54:21'),
(483, '2024-07-15', 'Total Play', 'Marco Delgado', NULL, 1, 'Transferencia', '1.00', '569.00', 'G', 1, '2025-09-01 21:54:21'),
(484, '2024-07-15', 'Mensualidad clase Guitarra G Alondra Cecilia Morales Alvarez', 'Hugo Vazquez', NULL, 1, 'TPV', '1.00', '1350.00', 'I', 3, '2025-09-01 21:54:21'),
(485, '2024-07-16', 'Gastos Escuela (Aclarar Hugo)', 'Escuela', NULL, 1, 'Transferencia', '1.00', '1500.00', 'G', 4, '2025-09-01 21:54:21'),
(486, '2024-07-18', 'Mensualidad clase Teclado G Yoanna Barrios', 'Manuel Reyes', NULL, 1, 'Transferencia', '1.00', '1800.00', 'I', 3, '2025-09-01 21:54:21'),
(487, '2024-07-18', 'Mensualidad clase Canto G Yoanna Barrios', 'Manuel Reyes', NULL, 1, 'Transferencia', '1.00', '1800.00', 'I', 3, '2025-09-01 21:54:21'),
(488, '2024-07-20', 'Mensualidad clase Guitarra G Guadalupe Donaji Arellano Ramirez', 'Hugo Vazquez', NULL, 1, 'TPV', '1.00', '1350.00', 'I', 3, '2025-09-01 21:54:21'),
(489, '2024-07-22', 'Limpieza 20-Jul', 'Escuela', NULL, 1, 'Transferencia', '1.00', '400.00', 'G', 4, '2025-09-01 21:54:21'),
(490, '2024-07-25', 'Renta Julio 1 de 3', 'Escuela', NULL, 1, 'Transferencia', '1.00', '6000.00', 'G', 4, '2025-09-01 21:54:21'),
(491, '2024-07-25', 'Renta Julio 2 de 3', 'Antonio Razo', NULL, 1, 'Transferencia', '1.00', '2560.00', 'G', 2, '2025-09-01 21:54:21'),
(492, '2024-07-25', 'Renta Julio 3 de 3', 'Marco Delgado', NULL, 1, 'Transferencia', '1.00', '3000.00', 'G', 1, '2025-09-01 21:54:21'),
(493, '2024-07-27', 'Limpieza 27-Jul', 'Escuela', NULL, 1, 'Transferencia', '1.00', '400.00', 'G', 4, '2025-09-01 21:54:21'),
(494, '2024-07-30', 'Clases de Guitarra Hugo Vazquez', 'Escuela', NULL, 1, 'Transferencia', '1.00', '2880.00', 'G', 4, '2025-09-01 21:54:21'),
(495, '2024-07-30', 'Quincena Frank', 'Escuela', NULL, 1, 'Transferencia', '1.00', '3500.00', 'G', 4, '2025-09-01 21:54:21'),
(496, '2024-07-30', 'Clases de Batería Julio Olvera', 'Escuela', NULL, 1, 'Transferencia', '1.00', '1900.00', 'G', 4, '2025-09-01 21:54:21'),
(497, '2024-07-30', 'Clases de Teclado Manuel Reyes', 'Escuela', NULL, 1, 'Transferencia', '1.00', '1200.00', 'G', 4, '2025-09-01 21:54:21'),
(498, '2024-07-30', 'Clase de muestra Bajo Luis Blanquet', 'Escuela', NULL, 1, 'Transferencia', '1.00', '80.00', 'G', 4, '2025-09-01 21:54:21'),
(499, '2024-07-30', 'Clases de Guitarra Irwin Hernandez', 'Escuela', NULL, 1, 'Transferencia', '1.00', '1180.00', 'G', 4, '2025-09-01 21:54:21'),
(500, '2024-07-30', 'Comisiones TPV', 'Escuela', NULL, 1, 'Transferencia', '1.00', '1186.68', 'G', 4, '2025-09-01 21:54:21'),
(501, '2024-07-30', 'Clases de Teclado Manuel Reyes (complemento)', 'Escuela', NULL, 1, 'Transferencia', '1.00', '400.00', 'G', 4, '2025-09-01 21:54:21'),
(502, '2024-07-30', 'Mensualidad clase Guitarra G Axel Adrian Hernandez Martinez', 'Hugo Vazquez', NULL, 1, 'TPV', '1.00', '1350.00', 'I', 3, '2025-09-01 21:54:21'),
(503, '2024-07-31', 'Caja de bateria', 'Marco Delgado', NULL, 2, 'TDC', '3.00', '44.16', 'G', 1, '2025-09-01 21:54:21'),
(504, '2024-07-31', 'Simcom SIM7600G', 'Marco Delgado', NULL, 2, 'TDC', '3.00', '1313.23', 'G', 1, '2025-09-01 21:54:21'),
(505, '2024-08-01', 'Mensualidad clase Teclado G Luis Erik Arias Ayala', 'Manuel Reyes', NULL, 1, 'TPV', '2.00', '1275.00', 'I', 3, '2025-09-01 21:54:21'),
(506, '2024-08-01', 'Mensualidad clase Guitarra G Luzbel Rueda Muñoz', 'Hugo Vazquez', NULL, 1, 'Transferencia', '1.00', '1350.00', 'I', 3, '2025-09-01 21:54:21'),
(507, '2024-08-04', 'Mensualidad clase Batería G Fanny Ieraldini Guitierrez Jasso', 'Julio Olvera', NULL, 1, 'Transferencia', '1.00', '0.00', 'I', 3, '2025-09-01 21:54:21'),
(508, '2024-08-04', 'Limpieza 4-Ago', 'Escuela', NULL, 1, 'Transferencia', '1.00', '400.00', 'G', 4, '2025-09-01 21:54:21'),
(509, '2024-08-04', 'Mensualidad clase Batería I Rebeca Guadalupe Juarez Vergara', 'Julio Olvera', NULL, 1, 'TPV', '1.00', '2000.00', 'I', 3, '2025-09-01 21:54:21'),
(510, '2024-08-04', 'Mensualidad clase Batería G Aidan Crosby Lobo', 'Julio Olvera', NULL, 1, 'TPV', '1.00', '1350.00', 'I', 3, '2025-09-01 21:54:21'),
(511, '2024-08-04', 'Mensualidad clase Guitarra G Manuel Santiago Mendoza', 'Irwin Hernandez', NULL, 1, 'TPV', '1.00', '1350.00', 'I', 3, '2025-09-01 21:54:21'),
(512, '2024-08-05', 'Mensualidad clase Guitarra G Leonardo Arturo Gomez Lopez', 'Irwin Hernandez', NULL, 1, 'TPV', '1.00', '1350.00', 'I', 3, '2025-09-01 21:54:21'),
(513, '2024-08-05', 'Mensualidad clase Guitarra G Rui Ortiz', 'Hugo Vazquez', NULL, 1, 'TPV', '1.00', '1350.00', 'I', 3, '2025-09-01 21:54:21'),
(514, '2024-08-06', 'Mantenimiento Agosto', 'Escuela', NULL, 1, 'Transferencia', '1.00', '750.00', 'G', 4, '2025-09-01 21:54:21'),
(515, '2024-08-09', 'Mensualidad clase Guitarra I Alan Mateo Gomez Juarez', 'Irwin Hernandez', NULL, 1, 'TPV', '1.00', '0.00', 'I', 3, '2025-09-01 21:54:21'),
(516, '2024-08-09', 'Mensualidad clase Batería G Leonardo Landa Sanchez', 'Julio Olvera', NULL, 1, 'TPV', '1.00', '1350.00', 'I', 3, '2025-09-01 21:54:21'),
(517, '2024-08-10', 'Mensualidad clase Guitarra G Erik Alcantara Trejo', 'Hugo Vazquez', NULL, 1, 'TPV', '1.00', '1350.00', 'I', 3, '2025-09-01 21:54:21'),
(518, '2024-08-12', 'Limpieza 12 Ago', 'Escuela', NULL, 1, 'Transferencia', '1.00', '400.00', 'G', 4, '2025-09-01 21:54:21'),
(519, '2024-08-15', 'Mensualidad clase Guitarra G Alondra Cecilia Morales Alvarez', 'Hugo Vazquez', NULL, 1, 'TPV', '1.00', '1350.00', 'I', 3, '2025-09-01 21:54:21'),
(520, '2024-08-16', 'Quincena Frank', 'Escuela', NULL, 1, 'Transferencia', '1.00', '3500.00', 'G', 4, '2025-09-01 21:54:21'),
(521, '2024-08-16', 'Total Play', 'Marco Delgado', NULL, 1, 'Transferencia', '1.00', '519.00', 'G', 1, '2025-09-01 21:54:21'),
(522, '2024-08-18', 'Limpieza 18 Ago', 'Escuela', NULL, 1, 'Transferencia', '1.00', '400.00', 'G', 4, '2025-09-01 21:54:21'),
(523, '2024-08-19', 'Banner y lona Rockstar (Hugo)', 'Escuela', NULL, 1, 'Transferencia', '1.00', '1200.00', 'G', 4, '2025-09-01 21:54:21'),
(524, '2024-08-20', 'Mensualidad clase Guitarra G Guadalupe Donaji Arellano Ramirez', 'Hugo Vazquez', NULL, 1, 'TPV', '1.00', '1350.00', 'I', 3, '2025-09-01 21:54:21'),
(525, '2024-08-21', 'Renta Agosto', 'Escuela', NULL, 1, 'Transferencia', '1.00', '11560.00', 'G', 4, '2025-09-01 21:54:21'),
(526, '2024-08-24', 'Limpieza 24 Ago', 'Escuela', NULL, 1, 'Transferencia', '1.00', '400.00', 'G', 4, '2025-09-01 21:54:21'),
(527, '2024-08-28', 'Mensualidad clase Teclado G Alejandro Quijano', 'Manuel Reyes', NULL, 1, 'TPV', '1.00', '1350.00', 'I', 3, '2025-09-01 21:54:21'),
(528, '2024-08-30', 'Pago CFE', 'Marco Delgado', NULL, 1, 'Transferencia', '1.00', '762.00', 'G', 1, '2025-09-01 21:54:21'),
(529, '2024-08-30', 'Mensualidad clase Guitarra G Axel Adrian Hernandez Martinez', 'Hugo Vazquez', NULL, 1, 'TPV', '1.00', '1350.00', 'I', 3, '2025-09-01 21:54:21'),
(530, '2024-08-31', 'Quincena Frank', 'Escuela', NULL, 1, 'Transferencia', '1.00', '3500.00', 'G', 4, '2025-09-01 21:54:21'),
(531, '2024-08-31', 'Limpieza 31 Ago', 'Escuela', NULL, 1, 'Transferencia', '1.00', '400.00', 'G', 4, '2025-09-01 21:54:21'),
(532, '2024-08-31', 'Clases de Batería Julio Olvera', 'Marco Delgado', NULL, 1, 'Transferencia', '1.00', '900.00', 'G', 1, '2025-09-01 21:54:21'),
(533, '2024-08-31', 'Clases de Batería Julio Olvera', 'Escuela', NULL, 1, 'Transferencia', '1.00', '1000.00', 'G', 4, '2025-09-01 21:54:21'),
(534, '2024-08-31', 'Clases de Guitarra Irwin Hernandez', 'Escuela', NULL, 1, 'Transferencia', '1.00', '1000.00', 'G', 4, '2025-09-01 21:54:21'),
(535, '2024-08-31', 'Clases de Guitarra Hugo Vazquez', 'Marco Delgado', NULL, 1, 'Transferencia', '1.00', '2800.00', 'G', 1, '2025-09-01 21:54:21'),
(536, '2024-08-31', 'Clases de Teclado Manuel Reyes', 'Marco Delgado', NULL, 1, 'Transferencia', '1.00', '1200.00', 'G', 1, '2025-09-01 21:54:21'),
(537, '2024-08-31', 'Clases de Canto Annie Carrizales', 'Escuela', NULL, 1, 'Transferencia', '1.00', '1600.00', 'G', 4, '2025-09-01 21:54:21'),
(538, '2024-08-31', 'Comisiones TPV', 'Escuela', NULL, 1, 'Transferencia', '1.00', '1401.86', 'G', 4, '2025-09-01 21:54:21'),
(539, '2024-08-31', 'Mensualidad clase Guitarra G Oscar Godinez Martinez', 'Irwin Hernandez', NULL, 1, 'TPV', '1.00', '1350.00', 'I', 3, '2025-09-01 21:54:21'),
(540, '2024-09-01', 'Mensualidad clase Teclado G Luis Erik Arias Ayala', 'Manuel Reyes', NULL, 1, 'TPV', '2.00', '1275.00', 'I', 3, '2025-09-01 21:54:21'),
(541, '2024-09-01', 'Mensualidad clase Guitarra G Luzbel Rueda Muñoz', 'Hugo Vazquez', NULL, 1, 'Transferencia', '1.00', '1350.00', 'I', 3, '2025-09-01 21:54:21'),
(542, '2024-09-01', 'Mensualidad clase Batería G Rebeca Ramirez', 'Julio Olvera', NULL, 1, 'TPV', '1.00', '1250.00', 'I', 3, '2025-09-01 21:54:21'),
(543, '2024-09-01', 'Mensualidad clase Canto G Rebeca Ramirez', 'Julio Olvera', NULL, 1, 'TPV', '1.00', '1250.00', 'I', 3, '2025-09-01 21:54:21'),
(544, '2024-09-02', 'Mantenimiento', 'Escuela', NULL, 1, 'Transferencia', '1.00', '700.00', 'G', 4, '2025-09-01 21:54:21'),
(545, '2024-09-04', 'Mensualidad clase Batería G Fanny Ieraldini Guitierrez Jasso', 'Julio Olvera', NULL, 1, 'Transferencia', '1.00', '0.00', 'I', 3, '2025-09-01 21:54:21'),
(546, '2024-09-04', 'Mensualidad clase Batería I Rebeca Guadalupe Juarez Vergara', 'Julio Olvera', NULL, 1, 'TPV', '1.00', '1800.00', 'I', 3, '2025-09-01 21:54:21'),
(547, '2024-09-04', 'Mensualidad clase Batería G Aidan Crosby Lobo', 'Julio Olvera', NULL, 1, 'TPV', '1.00', '1350.00', 'I', 3, '2025-09-01 21:54:21'),
(548, '2024-09-04', 'Mensualidad clase Guitarra G Manuel Santiago Mendoza', 'Irwin Hernandez', NULL, 1, 'TPV', '1.00', '1350.00', 'I', 3, '2025-09-01 21:54:21'),
(549, '2024-09-05', 'Mensualidad clase Guitarra G Leonardo Arturo Gomez Lopez', 'Irwin Hernandez', NULL, 1, 'TPV', '1.00', '1350.00', 'I', 3, '2025-09-01 21:54:21'),
(550, '2024-09-05', 'Mensualidad clase Guitarra G Rui Ortiz', 'Hugo Vazquez', NULL, 1, 'TPV', '1.00', '1350.00', 'I', 3, '2025-09-01 21:54:21'),
(551, '2024-09-05', 'Mensualidad clase Canto G Luis Alberto Guizar Garcia', 'Nahomy Perez', NULL, 1, 'TPV', '1.00', '1350.00', 'I', 3, '2025-09-01 21:54:21'),
(552, '2024-09-06', 'Meta Ads', 'Antonio Razo', NULL, 1, 'Transferencia', '1.00', '5000.00', 'G', 2, '2025-09-01 21:54:21'),
(553, '2024-09-07', 'Limpieza 07-Sep', 'Escuela', NULL, 1, 'Transferencia', '1.00', '400.00', 'G', 4, '2025-09-01 21:54:21'),
(554, '2024-09-09', 'Mensualidad clase Guitarra I Alan Mateo Gomez Juarez', 'Irwin Hernandez', NULL, 1, 'TPV', '1.00', '2000.00', 'I', 3, '2025-09-01 21:54:21'),
(555, '2024-09-09', 'Mensualidad clase Batería G Leonardo Landa Sanchez', 'Julio Olvera', NULL, 1, 'TPV', '1.00', '1350.00', 'I', 3, '2025-09-01 21:54:21'),
(556, '2024-09-10', 'Mensualidad clase Guitarra G Erik Alcantara Trejo', 'Hugo Vazquez', NULL, 1, 'TPV', '1.00', '1350.00', 'I', 3, '2025-09-01 21:54:21'),
(557, '2024-09-13', 'Mensualidad clase Bajo G Alexis Cordova', 'Luis Blanquet', NULL, 1, 'TPV', '1.00', '1350.00', 'I', 3, '2025-09-01 21:54:22'),
(558, '2024-09-15', 'Mensualidad clase Guitarra G Alondra Cecilia Morales Alvarez', 'Hugo Vazquez', NULL, 1, 'TPV', '1.00', '1350.00', 'I', 3, '2025-09-01 21:54:22'),
(559, '2024-09-16', 'Limpieza 14-Sep', 'Escuela', NULL, 1, 'Transferencia', '1.00', '400.00', 'G', 4, '2025-09-01 21:54:22'),
(560, '2024-09-17', 'Total Play', 'Marco Delgado', NULL, 1, 'Transferencia', '1.00', '519.00', 'G', 1, '2025-09-01 21:54:22'),
(561, '2024-09-17', 'Quincena Frank', 'Escuela', NULL, 1, 'Transferencia', '1.00', '3500.00', 'G', 4, '2025-09-01 21:54:22'),
(562, '2024-09-20', 'Mensualidad clase Guitarra G Guadalupe Donaji Arellano Ramirez', 'Hugo Vazquez', NULL, 1, 'TPV', '1.00', '1350.00', 'I', 3, '2025-09-01 21:54:22'),
(563, '2024-09-21', 'Renta Local Septiembre', 'Escuela', NULL, 1, 'Transferencia', '1.00', '11560.00', 'G', 4, '2025-09-01 21:54:22'),
(564, '2024-09-23', 'Limpieza 21-Sep', 'Escuela', NULL, 1, 'Transferencia', '1.00', '400.00', 'G', 4, '2025-09-01 21:54:22'),
(565, '2024-09-27', 'Mensualidad clase Guitarra G Ivan Eidan Espinosa', 'Hugo Vazquez', NULL, 1, 'TPV', '1.00', '1350.00', 'I', 3, '2025-09-01 21:54:22'),
(566, '2024-09-27', 'Mensualidad clase Canto G Ivan Eidan Espinosa', 'Hugo Vazquez', NULL, 1, 'TPV', '1.00', '1350.00', 'I', 3, '2025-09-01 21:54:22'),
(567, '2024-09-28', 'Mensualidad clase Teclado G Alejandro Quijano', 'Manuel Reyes', NULL, 1, 'TPV', '1.00', '1350.00', 'I', 3, '2025-09-01 21:54:22'),
(568, '2024-09-29', 'Mensualidad clase Guitarra G Edgar Javier Chavez Reyes', 'Hugo Vazquez', NULL, 1, 'TPV', '1.00', '1350.00', 'I', 3, '2025-09-01 21:54:22'),
(569, '2024-09-30', 'Clases de Batería Julio Olvera', 'Escuela', NULL, 1, 'Transferencia', '1.00', '1900.00', 'G', 4, '2025-09-01 21:54:22'),
(570, '2024-09-30', 'Clases de Guitarra Irwin Hernandez', 'Escuela', NULL, 1, 'Transferencia', '1.00', '2100.00', 'G', 4, '2025-09-01 21:54:22'),
(571, '2024-09-30', 'Clases de Guitarra Hugo Vazquez', 'Escuela', NULL, 1, 'Transferencia', '1.00', '2800.00', 'G', 4, '2025-09-01 21:54:22'),
(572, '2024-09-30', 'Clases de Teclado Manuel Reyes', 'Escuela', NULL, 1, 'Transferencia', '1.00', '800.00', 'G', 4, '2025-09-01 21:54:22'),
(573, '2024-09-30', 'Clases de Canto Nahomy Perez', 'Escuela', NULL, 1, 'Transferencia', '1.00', '800.00', 'G', 4, '2025-09-01 21:54:22'),
(574, '2024-09-30', 'Clases de Bajo Luis Blanquet', 'Escuela', NULL, 1, 'Transferencia', '1.00', '400.00', 'G', 4, '2025-09-01 21:54:22'),
(575, '2024-09-30', 'Quincena Frank', 'Escuela', NULL, 1, 'Transferencia', '1.00', '3500.00', 'G', 4, '2025-09-01 21:54:22'),
(576, '2024-09-30', 'Comisiones TPV', 'Escuela', NULL, 1, 'Transferencia', '1.00', '1298.33', 'G', 4, '2025-09-01 21:54:22'),
(577, '2024-09-30', 'Limpieza 28-Sep', 'Escuela', NULL, 1, 'Transferencia', '1.00', '400.00', 'G', 4, '2025-09-01 21:54:22'),
(578, '2024-09-30', 'Mensualidad clase Guitarra G Axel Adrian Hernandez Martinez', 'Hugo Vazquez', NULL, 1, 'TPV', '1.00', '1350.00', 'I', 3, '2025-09-01 21:54:22'),
(579, '2024-09-30', 'Mensualidad clase Guitarra G Oscar Godinez Martinez', 'Irwin Hernandez', NULL, 1, 'TPV', '1.00', '1350.00', 'I', 3, '2025-09-01 21:54:22'),
(580, '2024-10-01', 'Mensualidad clase Teclado G Luis Erik Arias Ayala', 'Manuel Reyes', NULL, 1, 'TPV', '1.00', '1500.00', 'I', 3, '2025-09-01 21:54:22'),
(581, '2024-10-01', 'Mensualidad clase Guitarra G Luzbel Rueda Muñoz', 'Hugo Vazquez', NULL, 1, 'Transferencia', '1.00', '1350.00', 'I', 3, '2025-09-01 21:54:22'),
(582, '2024-10-01', 'Mensualidad clase Batería G Rebeca Ramirez', 'Julio Olvera', NULL, 1, 'TPV', '1.00', '1250.00', 'I', 3, '2025-09-01 21:54:22'),
(583, '2024-10-01', 'Mensualidad clase Canto G Rebeca Ramirez', 'Julio Olvera', NULL, 1, 'TPV', '1.00', '1250.00', 'I', 3, '2025-09-01 21:54:22'),
(584, '2024-10-02', 'Mensualidad clase Batería G Ares Maximiliano Gonzalez', 'Demian Andrade', NULL, 1, 'TPV', '1.00', '1275.00', 'I', 3, '2025-09-01 21:54:22'),
(585, '2024-10-02', 'Mensualidad clase Teclado G Mateo Gonzalez', 'Manuel Reyes', NULL, 1, 'TPV', '1.00', '1275.00', 'I', 3, '2025-09-01 21:54:22'),
(586, '2024-10-04', 'Mensualidad clase Batería G Fanny Ieraldini Guitierrez Jasso', 'Julio Olvera', NULL, 1, 'Transferencia', '1.00', '0.00', 'I', 3, '2025-09-01 21:54:22'),
(587, '2024-10-04', 'Mensualidad clase Batería I Rebeca Guadalupe Juarez Vergara', 'Julio Olvera', NULL, 1, 'TPV', '1.00', '1800.00', 'I', 3, '2025-09-01 21:54:22'),
(588, '2024-10-04', 'Mantenimiento Octubre', 'Escuela', NULL, 1, 'Transferencia', '1.00', '700.00', 'G', 4, '2025-09-01 21:54:22'),
(589, '2024-10-04', 'Mensualidad clase Batería G Aidan Crosby Lobo', 'Julio Olvera', NULL, 1, 'TPV', '1.00', '1350.00', 'I', 3, '2025-09-01 21:54:22'),
(590, '2024-10-04', 'Mensualidad clase Guitarra G Manuel Santiago Mendoza', 'Irwin Hernandez', NULL, 1, 'TPV', '1.00', '1350.00', 'I', 3, '2025-09-01 21:54:22'),
(591, '2024-10-05', 'Mensualidad clase Guitarra G Leonardo Arturo Gomez Lopez', 'Irwin Hernandez', NULL, 1, 'TPV', '1.00', '1350.00', 'I', 3, '2025-09-01 21:54:22'),
(592, '2024-10-05', 'Mensualidad clase Guitarra G Rui Ortiz', 'Hugo Vazquez', NULL, 1, 'TPV', '1.00', '1350.00', 'I', 3, '2025-09-01 21:54:22'),
(593, '2024-10-05', 'Mensualidad clase Canto G Luis Alberto Guizar Garcia', 'Nahomy Perez', NULL, 1, 'TPV', '1.00', '1350.00', 'I', 3, '2025-09-01 21:54:22'),
(594, '2024-10-05', 'Mensualidad clase Batería G Luis Fernando Ferruzca Perez', 'Julio Olvera', NULL, 1, 'TPV', '1.00', '1350.00', 'I', 3, '2025-09-01 21:54:22'),
(595, '2024-10-05', 'Mensualidad clase Batería G Luciano Gastelum Crosby', 'Julio Olvera', NULL, 1, 'TPV', '1.00', '1350.00', 'I', 3, '2025-09-01 21:54:22'),
(596, '2024-10-05', 'Mensualidad clase Teclado G Victor Eduardo Caballero Nieto', 'Manuel Reyes', NULL, 1, 'TPV', '1.00', '1350.00', 'I', 3, '2025-09-01 21:54:22'),
(597, '2024-10-05', 'Mensualidad clase Canto G Dulce Yael Tarrios', 'Nahomy Perez', NULL, 1, 'TPV', '1.00', '1350.00', 'I', 3, '2025-09-01 21:54:22'),
(598, '2024-10-06', 'Limpieza 05-Oct', 'Escuela', NULL, 1, 'Transferencia', '1.00', '400.00', 'G', 4, '2025-09-01 21:54:22'),
(599, '2024-10-07', 'Mensualidad clase Batería G Jorge Armando Hernandez', 'Julio Olvera', NULL, 1, 'TPV', '1.00', '1350.00', 'I', 3, '2025-09-01 21:54:22'),
(600, '2024-10-09', 'Mensualidad clase Guitarra I Alan Mateo Gomez Juarez', 'Irwin Hernandez', NULL, 1, 'TPV', '1.00', '1800.00', 'I', 3, '2025-09-01 21:54:22'),
(601, '2024-10-09', 'Mensualidad clase Batería G Leonardo Landa Sanchez', 'Julio Olvera', NULL, 1, 'TPV', '1.00', '1350.00', 'I', 3, '2025-09-01 21:54:22'),
(602, '2024-10-10', 'Mensualidad clase Guitarra G Erik Alcantara Trejo', 'Hugo Vazquez', NULL, 1, 'TPV', '1.00', '1350.00', 'I', 3, '2025-09-01 21:54:22'),
(603, '2024-10-11', 'Articulos de limpieza', 'Escuela', NULL, 1, 'Efectivo', '1.00', '403.00', 'G', 4, '2025-09-01 21:54:22'),
(604, '2024-10-13', 'Mensualidad clase Bajo G Alexis Cordova', 'Luis Blanquet', NULL, 1, 'TPV', '1.00', '1350.00', 'I', 3, '2025-09-01 21:54:22'),
(605, '2024-10-15', 'Mensualidad clase Guitarra G Alondra Cecilia Morales Alvarez', 'Hugo Vazquez', NULL, 1, 'TPV', '1.00', '1350.00', 'I', 3, '2025-09-01 21:54:22'),
(606, '2024-10-15', 'Limpieza 12-Oct', 'Escuela', NULL, 1, 'Transferencia', '1.00', '400.00', 'G', 4, '2025-09-01 21:54:22'),
(607, '2024-10-15', 'Total Play', 'Marco Delgado', NULL, 1, 'Transferencia', '1.00', '519.00', 'G', 1, '2025-09-01 21:54:22'),
(608, '2024-10-16', 'Quincena Frank', 'Escuela', NULL, 1, 'Transferencia', '1.00', '3500.00', 'G', 4, '2025-09-01 21:54:22'),
(609, '2024-10-20', 'Mensualidad clase Guitarra G Guadalupe Donaji Arellano Ramirez', 'Hugo Vazquez', NULL, 1, 'TPV', '1.00', '1350.00', 'I', 3, '2025-09-01 21:54:22'),
(610, '2024-10-21', 'Limpieza 19-Oct', 'Escuela', NULL, 1, 'Transferencia', '1.00', '400.00', 'G', 4, '2025-09-01 21:54:22'),
(611, '2024-10-26', 'Renta Local Octubre', 'Escuela', NULL, 1, 'Transferencia', '1.00', '11560.00', 'G', 4, '2025-09-01 21:54:22'),
(612, '2024-10-28', 'Mensualidad clase Teclado G Alejandro Quijano', 'Manuel Reyes', NULL, 1, 'TPV', '1.00', '1350.00', 'I', 3, '2025-09-01 21:54:22'),
(613, '2024-10-29', 'Limpieza 26-Oct', 'Escuela', NULL, 1, 'Transferencia', '1.00', '400.00', 'G', 4, '2025-09-01 21:54:22'),
(614, '2024-10-29', 'Mensualidad clase Guitarra G Edgar Javier Chavez Reyes', 'Hugo Vazquez', NULL, 1, 'TPV', '1.00', '1350.00', 'I', 3, '2025-09-01 21:54:22'),
(615, '2024-10-30', 'Mensualidad clase Guitarra G Axel Adrian Hernandez Martinez', 'Hugo Vazquez', NULL, 1, 'TPV', '1.00', '1275.00', 'I', 3, '2025-09-01 21:54:22'),
(616, '2024-10-30', 'Mensualidad clase Guitarra G Oscar Godinez Martinez', 'Irwin Hernandez', NULL, 1, 'TPV', '1.00', '1350.00', 'I', 3, '2025-09-01 21:54:22'),
(617, '2024-10-31', 'Clases de Batería Julio Olvera', 'Escuela', NULL, 1, 'Transferencia', '1.00', '2860.00', 'G', 4, '2025-09-01 21:54:22'),
(618, '2024-10-31', 'Clases de Batería Demian Andrade', 'Escuela', NULL, 1, 'Transferencia', '1.00', '400.00', 'G', 4, '2025-09-01 21:54:22'),
(619, '2024-10-31', 'Clases de Guitarra Irwin Hernandez', 'Escuela', NULL, 1, 'Transferencia', '1.00', '2100.00', 'G', 4, '2025-09-01 21:54:22'),
(620, '2024-10-31', 'Clases de Guitarra Hugo Vazquez', 'Escuela', NULL, 1, 'Transferencia', '1.00', '3680.00', 'G', 4, '2025-09-01 21:54:22'),
(621, '2024-10-31', 'Clases de Teclado Manuel Reyes', 'Escuela', NULL, 1, 'Transferencia', '4.00', '400.00', 'G', 4, '2025-09-01 21:54:22'),
(622, '2024-10-31', 'Clases de Canto Nahomy Perez', 'Escuela', NULL, 1, 'Transferencia', '3.00', '400.00', 'G', 4, '2025-09-01 21:54:22'),
(623, '2024-10-31', 'Clases de Bajo Luis Blanquet', 'Escuela', NULL, 1, 'Transferencia', '1.00', '480.00', 'G', 4, '2025-09-01 21:54:22'),
(624, '2024-10-31', 'Quincena Frank', 'Escuela', NULL, 1, 'Transferencia', '1.00', '3500.00', 'G', 4, '2025-09-01 21:54:22'),
(625, '2024-10-31', 'Comisiones TPV', 'Escuela', NULL, 1, 'Transferencia', '1.00', '1773.35', 'G', 4, '2025-09-01 21:54:22'),
(626, '2024-11-01', 'Mensualidad clase Teclado G Luis Erik Arias Ayala', 'Manuel Reyes', NULL, 1, 'TPV', '1.00', '1500.00', 'I', 3, '2025-09-01 21:54:22'),
(627, '2024-11-01', 'Mensualidad clase Guitarra G Luzbel Rueda Muñoz', 'Hugo Vazquez', NULL, 1, 'Transferencia', '1.00', '1380.00', 'I', 3, '2025-09-01 21:54:22'),
(628, '2024-11-02', 'Behrninger B210D Bafle Activo', 'Marco Delgado', NULL, 1, 'TDC', '2.00', '7590.00', 'G', 1, '2025-09-01 21:54:22'),
(629, '2024-11-02', 'Mensualidad clase Batería G Ares Maximiliano Gonzalez', 'Demian Andrade', NULL, 1, 'TPV', '1.00', '1275.00', 'I', 3, '2025-09-01 21:54:22'),
(630, '2024-11-02', 'Mensualidad clase Teclado G Mateo Gonzalez', 'Manuel Reyes', NULL, 1, 'TPV', '1.00', '1275.00', 'I', 3, '2025-09-01 21:54:22'),
(631, '2024-11-04', 'Mensualidad clase Batería G Fanny Ieraldini Guitierrez Jasso', 'Julio Olvera', NULL, 1, 'Transferencia', '1.00', '0.00', 'I', 3, '2025-09-01 21:54:22'),
(632, '2024-11-04', 'Mensualidad clase Batería I Rebeca Guadalupe Juarez Vergara', 'Julio Olvera', NULL, 1, 'TPV', '1.00', '1800.00', 'I', 3, '2025-09-01 21:54:22'),
(633, '2024-11-04', 'Limpieza 4 Nov', 'Escuela', NULL, 1, 'Transferencia', '1.00', '400.00', 'G', 4, '2025-09-01 21:54:22'),
(634, '2024-11-04', 'Mantenimiento Nov', 'Escuela', NULL, 1, 'Transferencia', '1.00', '690.00', 'G', 4, '2025-09-01 21:54:22'),
(635, '2024-11-04', 'Mensualidad clase Batería G Aidan Crosby Lobo', 'Julio Olvera', NULL, 1, 'TPV', '1.00', '1350.00', 'I', 3, '2025-09-01 21:54:22'),
(636, '2024-11-04', 'Mensualidad clase Guitarra G Manuel Santiago Mendoza', 'Irwin Hernandez', NULL, 1, 'TPV', '1.00', '1350.00', 'I', 3, '2025-09-01 21:54:22'),
(637, '2024-11-05', 'Mensualidad clase Guitarra G Leonardo Arturo Gomez Lopez', 'Irwin Hernandez', NULL, 1, 'TPV', '1.00', '1350.00', 'I', 3, '2025-09-01 21:54:22'),
(638, '2024-11-05', 'Mensualidad clase Guitarra G Rui Ortiz', 'Hugo Vazquez', NULL, 1, 'TPV', '1.00', '1350.00', 'I', 3, '2025-09-01 21:54:22'),
(639, '2024-11-05', 'Mensualidad clase Canto G Luis Alberto Guizar Garcia', 'Nahomy Perez', NULL, 1, 'TPV', '1.00', '1350.00', 'I', 3, '2025-09-01 21:54:22'),
(640, '2024-11-05', 'Mensualidad clase Batería G Luis Fernando Ferruzca Perez', 'Julio Olvera', NULL, 1, 'TPV', '1.00', '1350.00', 'I', 3, '2025-09-01 21:54:22'),
(641, '2024-11-05', 'Mensualidad clase Batería G Luciano Gastelum Crosby', 'Julio Olvera', NULL, 1, 'TPV', '1.00', '1350.00', 'I', 3, '2025-09-01 21:54:22'),
(642, '2024-11-05', 'Mensualidad clase Teclado G Victor Eduardo Caballero Nieto', 'Manuel Reyes', NULL, 1, 'TPV', '1.00', '1350.00', 'I', 3, '2025-09-01 21:54:22'),
(643, '2024-11-07', 'Comida con Socios de Huella Estructural - La Bikina', 'Antonio Razo', NULL, 2, 'TDC', '1.00', '5781.05', 'G', 2, '2025-09-01 21:54:22'),
(644, '2024-11-07', 'Comida con Socios de Huella Estructural - Sonora Grill Prime', 'Marco Delgado', NULL, 2, 'TDC', '1.00', '5329.95', 'G', 1, '2025-09-01 21:54:22'),
(645, '2024-11-07', 'Conectores DC IP68', 'Marco Delgado', NULL, 2, 'TDC', '1.00', '209.90', 'G', 1, '2025-09-01 21:54:22'),
(646, '2024-11-07', 'Placa de desarrollo ESP-32-S3', 'Marco Delgado', NULL, 2, 'TDC', '3.00', '103.94', 'G', 1, '2025-09-01 21:54:22'),
(647, '2024-11-07', 'Conectores Ethernet IP68', 'Marco Delgado', NULL, 2, 'TDC', '5.00', '79.73', 'G', 1, '2025-09-01 21:54:22'),
(648, '2024-11-07', 'Caja de plastico ABS impermeable 200-120-75 with ears negra', 'Marco Delgado', NULL, 2, 'TDC', '5.00', '277.09', 'G', 1, '2025-09-01 21:54:22'),
(649, '2024-11-07', 'Mensualidad clase Batería G Jorge Armando Hernandez', 'Julio Olvera', NULL, 1, 'TPV', '1.00', '1350.00', 'I', 3, '2025-09-01 21:54:22'),
(650, '2024-11-08', 'Alto professional TX2125 SW Activo 12\" 900W con DSP', 'Marco Delgado', NULL, 1, 'TDC', '2.00', '7399.00', 'G', 1, '2025-09-01 21:54:22'),
(651, '2024-11-09', 'Mensualidad clase Guitarra I Alan Mateo Gomez Juarez', 'Irwin Hernandez', NULL, 1, 'TPV', '1.00', '1800.00', 'I', 3, '2025-09-01 21:54:22'),
(652, '2024-11-09', 'Mensualidad clase Batería G Leonardo Landa Sanchez', 'Julio Olvera', NULL, 1, 'TPV', '1.00', '1350.00', 'I', 3, '2025-09-01 21:54:22'),
(653, '2024-11-09', 'Meta Ads', 'Escuela', NULL, 1, 'Transferencia', '1.00', '5250.00', 'G', 4, '2025-09-01 21:54:22'),
(654, '2024-11-09', 'Mensualidad clase Teclado G Nicolas Gutierrez Rebollo', 'Manuel Reyes', NULL, 1, 'TPV', '1.00', '1350.00', 'I', 3, '2025-09-01 21:54:22'),
(655, '2024-11-09', 'Mensualidad clase Batería G Leonardo Perez Gomez', 'Julio Olvera', NULL, 1, 'TPV', '1.00', '1350.00', 'I', 3, '2025-09-01 21:54:22'),
(656, '2024-11-10', 'Mensualidad clase Guitarra G Erik Alcantara Trejo', 'Hugo Vazquez', NULL, 1, 'TPV', '1.00', '1350.00', 'I', 3, '2025-09-01 21:54:22'),
(657, '2024-11-12', 'Limpieza 12 Nov', 'Escuela', NULL, 1, 'Transferencia', '1.00', '400.00', 'G', 4, '2025-09-01 21:54:22'),
(658, '2024-11-12', 'Limpieza 09-Nov', 'Escuela', NULL, 1, 'Transferencia', '1.00', '400.00', 'G', 4, '2025-09-01 21:54:22'),
(659, '2024-11-13', 'Mensualidad clase Bajo G Alexis Cordova', 'Luis Blanquet', NULL, 1, 'TPV', '1.00', '1350.00', 'I', 3, '2025-09-01 21:54:22'),
(660, '2024-11-14', 'Zoom Anualidad', 'Escuela', NULL, 1, 'Transferencia', '1.00', '2453.30', 'G', 4, '2025-09-01 21:54:22'),
(661, '2024-11-15', 'Mensualidad clase Guitarra G Alondra Cecilia Morales Alvarez', 'Hugo Vazquez', NULL, 1, 'TPV', '1.00', '1350.00', 'I', 3, '2025-09-01 21:54:22'),
(662, '2024-11-15', 'Quincena Frank', 'Escuela', NULL, 1, 'Transferencia', '1.00', '3300.94', 'G', 4, '2025-09-01 21:54:22'),
(663, '2024-11-16', 'Limpieza 16 Nov', 'Escuela', NULL, 1, 'Transferencia', '1.00', '400.00', 'G', 4, '2025-09-01 21:54:22'),
(664, '2024-11-16', 'Total Play', 'Marco Delgado', NULL, 1, 'Transferencia', '1.00', '519.00', 'G', 1, '2025-09-01 21:54:22'),
(665, '2024-11-20', 'Mensualidad clase Guitarra G Guadalupe Donaji Arellano Ramirez', 'Hugo Vazquez', NULL, 1, 'TPV', '1.00', '1350.00', 'I', 3, '2025-09-01 21:54:22'),
(666, '2024-11-21', 'Renta Local Noviembre', 'Escuela', NULL, 1, 'Transferencia', '1.00', '11560.00', 'G', 4, '2025-09-01 21:54:22'),
(667, '2024-11-25', 'Mensualidad clase Canto G Luis Mario Oropeza', 'Nahomy Perez', NULL, 1, 'TPV', '1.00', '1275.00', 'I', 3, '2025-09-01 21:54:22'),
(668, '2024-11-25', 'Mensualidad clase Guitarra G Luis Mario Oropeza', 'Nahomy Perez', NULL, 1, 'TPV', '1.00', '1275.00', 'I', 3, '2025-09-01 21:54:22'),
(669, '2024-11-29', 'Mensualidad clase Guitarra G Edgar Javier Chavez Reyes', 'Hugo Vazquez', NULL, 1, 'TPV', '1.00', '1350.00', 'I', 3, '2025-09-01 21:54:22'),
(670, '2024-11-30', 'Mensualidad clase Guitarra G Axel Adrian Hernandez Martinez', 'Hugo Vazquez', NULL, 1, 'TPV', '1.00', '1275.00', 'I', 3, '2025-09-01 21:54:22'),
(671, '2024-11-30', 'Pago Nov - Irving', 'Escuela', NULL, 1, 'Transferencia', '1.00', '2900.00', 'G', 4, '2025-09-01 21:54:22'),
(672, '2024-11-30', 'Pago Nov - Manuel Reyes', 'Escuela', NULL, 1, 'Transferencia', '1.00', '2000.00', 'G', 4, '2025-09-01 21:54:22'),
(673, '2024-11-30', 'Pago Nov - Demian Andrade', 'Escuela', NULL, 1, 'Transferencia', '1.00', '400.00', 'G', 4, '2025-09-01 21:54:22'),
(674, '2024-11-30', 'Pago Nov - Luis Blanquet', 'Escuela', NULL, 1, 'Transferencia', '1.00', '400.00', 'G', 4, '2025-09-01 21:54:22'),
(675, '2024-11-30', 'Pago Nov - Arcelia Armijo', 'Antonio Razo', NULL, 1, 'Transferencia', '1.00', '2700.00', 'G', 2, '2025-09-01 21:54:22'),
(676, '2024-11-30', 'Pago Nov - Hugo', 'Escuela', NULL, 1, 'Transferencia', '1.00', '3600.00', 'G', 4, '2025-09-01 21:54:22'),
(677, '2024-11-30', 'Limpieza 30 Nov', 'Escuela', NULL, 1, 'Transferencia', '1.00', '400.00', 'G', 4, '2025-09-01 21:54:22'),
(678, '2024-11-30', 'Clases de Canto Nahomy Perez', 'Escuela', NULL, 1, 'Symbiot', '1.00', '1200.00', 'G', 4, '2025-09-01 21:54:22'),
(679, '2024-11-30', 'Quincena Frank', 'Marco Delgado', NULL, 1, 'Transferencia', '1.00', '3500.00', 'G', 1, '2025-09-01 21:54:22'),
(680, '2024-11-30', 'Pago CFE', 'Marco Delgado', NULL, 1, 'Transferencia', '1.00', '803.00', 'G', 1, '2025-09-01 21:54:22'),
(681, '2024-11-30', 'Comisiones TPV', 'Escuela', NULL, 1, 'Transferencia', '1.00', '1719.76', 'G', 4, '2025-09-01 21:54:22'),
(682, '2024-11-30', 'Mensualidad clase Guitarra G Oscar Godinez Martinez', 'Irwin Hernandez', NULL, 1, 'TPV', '1.00', '1350.00', 'I', 3, '2025-09-01 21:54:22'),
(683, '2024-12-01', 'Mensualidad clase Teclado G Luis Erik Arias Ayala', 'Manuel Reyes', NULL, 1, 'TPV', '1.00', '1500.00', 'I', 3, '2025-09-01 21:54:22'),
(684, '2024-12-02', 'Mensualidad clase Batería G Ares Maximiliano Gonzalez', 'Demian Andrade', NULL, 1, 'TPV', '1.00', '1275.00', 'I', 3, '2025-09-01 21:54:22'),
(685, '2024-12-02', 'Mensualidad clase Teclado G Mateo Gonzalez', 'Manuel Reyes', NULL, 1, 'TPV', '1.00', '1275.00', 'I', 3, '2025-09-01 21:54:22'),
(686, '2024-12-02', 'Mensualidad clase Bajo G Carlos Bennet', 'Luis Blanquet', NULL, 1, 'TPV', '1.00', '1350.00', 'I', 3, '2025-09-01 21:54:22'),
(687, '2024-12-03', 'Mantenimiento Dic', 'Escuela', NULL, 1, 'Transferencia', '1.00', '684.00', 'G', 4, '2025-09-01 21:54:22'),
(688, '2024-12-03', 'Impresiones reconocimientos', 'Escuela', NULL, 1, 'Efectivo', '1.00', '145.00', 'G', 4, '2025-09-01 21:54:22'),
(689, '2024-12-03', 'Plumon Permanente', 'Escuela', NULL, 1, 'Efectivo', '1.00', '25.00', 'G', 4, '2025-09-01 21:54:22'),
(690, '2024-12-03', 'Guillotinado reconocimientos', 'Escuela', NULL, 1, 'Efectivo', '1.00', '20.00', 'G', 4, '2025-09-01 21:54:22'),
(691, '2024-12-03', 'Papel de baño 1 rollo', 'Escuela', NULL, 1, 'Efectivo', '1.00', '15.00', 'G', 4, '2025-09-01 21:54:22'),
(692, '2024-12-04', 'Mensualidad clase Batería G Fanny Ieraldini Guitierrez Jasso', 'Julio Olvera', NULL, 1, 'Transferencia', '1.00', '0.00', 'I', 3, '2025-09-01 21:54:22'),
(693, '2024-12-04', 'Mensualidad clase Batería I Rebeca Guadalupe Juarez Vergara', 'Julio Olvera', NULL, 1, 'TPV', '1.00', '1800.00', 'I', 3, '2025-09-01 21:54:22'),
(694, '2024-12-04', 'Mensualidad clase Batería G Aidan Crosby Lobo', 'Julio Olvera', NULL, 1, 'TPV', '1.00', '1350.00', 'I', 3, '2025-09-01 21:54:22'),
(695, '2024-12-04', 'Mensualidad clase Guitarra G Manuel Santiago Mendoza', 'Irwin Hernandez', NULL, 1, 'TPV', '1.00', '1350.00', 'I', 3, '2025-09-01 21:54:22'),
(696, '2024-12-05', 'Mensualidad clase Guitarra G Leonardo Arturo Gomez Lopez', 'Irwin Hernandez', NULL, 1, 'TPV', '1.00', '1350.00', 'I', 3, '2025-09-01 21:54:22'),
(697, '2024-12-05', 'Mensualidad clase Guitarra G Rui Ortiz', 'Hugo Vazquez', NULL, 1, 'TPV', '1.00', '1350.00', 'I', 3, '2025-09-01 21:54:22'),
(698, '2024-12-05', 'Mensualidad clase Canto G Luis Alberto Guizar Garcia', 'Nahomy Perez', NULL, 1, 'TPV', '1.00', '1350.00', 'I', 3, '2025-09-01 21:54:22'),
(699, '2024-12-05', 'Mensualidad clase Batería G Luis Fernando Ferruzca Perez', 'Julio Olvera', NULL, 1, 'TPV', '1.00', '1350.00', 'I', 3, '2025-09-01 21:54:22'),
(700, '2024-12-05', 'Mensualidad clase Batería G Luciano Gastelum Crosby', 'Julio Olvera', NULL, 1, 'TPV', '1.00', '1350.00', 'I', 3, '2025-09-01 21:54:22'),
(701, '2024-12-07', 'Mensualidad clase Batería G Jorge Armando Hernandez', 'Julio Olvera', NULL, 1, 'TPV', '1.00', '1350.00', 'I', 3, '2025-09-01 21:54:22'),
(702, '2024-12-09', 'Mensualidad clase Guitarra I Alan Mateo Gomez Juarez', 'Irwin Hernandez', NULL, 1, 'TPV', '1.00', '1800.00', 'I', 3, '2025-09-01 21:54:22'),
(703, '2024-12-09', 'Limpieza 9 Dic', 'Escuela', NULL, 1, 'Transferencia', '1.00', '400.00', 'G', 4, '2025-09-01 21:54:22');
INSERT INTO `transacciones` (`id`, `fecha`, `concepto`, `socio`, `cliente_id`, `empresa_id`, `forma_pago`, `cantidad`, `precio_unitario`, `tipo`, `created_by`, `created_at`) VALUES
(704, '2024-12-09', 'Mensualidad clase Batería G Leonardo Perez Gomez', 'Julio Olvera', NULL, 1, 'TPV', '1.00', '1350.00', 'I', 3, '2025-09-01 21:54:22'),
(705, '2024-12-10', 'Mensualidad clase Guitarra G Leonardo Saul Ayala Vaca', 'Julio Olvera', NULL, 1, 'Transferencia', '1.00', '1275.00', 'I', 3, '2025-09-01 21:54:22'),
(706, '2024-12-10', 'Mensualidad clase Batería G Elian Matias Ayala Vaca', 'Irwin Hernandez', NULL, 1, 'Transferencia', '1.00', '1275.00', 'I', 3, '2025-09-01 21:54:22'),
(707, '2024-12-11', 'Poste de bafle metalico', 'Marco Delgado', NULL, 1, 'TDC', '2.00', '596.22', 'G', 1, '2025-09-01 21:54:22'),
(708, '2024-12-13', 'Mensualidad clase Bajo G Alexis Cordova', 'Luis Blanquet', NULL, 1, 'TPV', '1.00', '1350.00', 'I', 3, '2025-09-01 21:54:22'),
(709, '2024-12-15', 'Mensualidad clase Guitarra G Alondra Cecilia Morales Alvarez', 'Hugo Vazquez', NULL, 1, 'TPV', '1.00', '1350.00', 'I', 3, '2025-09-01 21:54:22'),
(710, '2024-12-16', 'Frank Aguinaldo 2024', 'Escuela', NULL, 1, 'Transferencia', '1.00', '3500.00', 'G', 4, '2025-09-01 21:54:22'),
(711, '2024-12-16', 'Limpieza 16 Dic + Aguinaldo 2024', 'Escuela', NULL, 1, 'Transferencia', '1.00', '1200.00', 'G', 4, '2025-09-01 21:54:22'),
(712, '2024-12-17', 'Cuerda Ernie Ball', 'Escuela', NULL, 1, 'Efectivo', '1.00', '35.00', 'G', 4, '2025-09-01 21:54:22'),
(713, '2024-12-18', 'Reconocimiento', 'Escuela', NULL, 1, 'Efectivo', '1.00', '25.00', 'G', 4, '2025-09-01 21:54:22'),
(714, '2024-12-18', 'Plumas y copia', 'Escuela', NULL, 1, 'Efectivo', '1.00', '17.00', 'G', 4, '2025-09-01 21:54:22'),
(715, '2024-12-18', 'Papel de baño 1 rollo', 'Escuela', NULL, 1, 'Efectivo', '1.00', '15.00', 'G', 4, '2025-09-01 21:54:22'),
(716, '2024-12-20', 'Mensualidad clase Guitarra G Guadalupe Donaji Arellano Ramirez', 'Hugo Vazquez', NULL, 1, 'TPV', '1.00', '1350.00', 'I', 3, '2025-09-01 21:54:22'),
(717, '2024-12-20', 'Renta Local Diciembre', 'Escuela', NULL, 1, 'Transferencia', '1.00', '11560.00', 'G', 4, '2025-09-01 21:54:22'),
(718, '2024-12-20', 'Mantenimiento Enero', 'Escuela', NULL, 1, 'Transferencia', '1.00', '740.00', 'G', 4, '2025-09-01 21:54:22'),
(719, '2024-12-20', 'Mensualidad clase Batería G Arath Martinez Gomez', 'Demian Andrade', NULL, 1, 'TPV', '1.00', '1350.00', 'I', 3, '2025-09-01 21:54:22'),
(720, '2024-12-23', 'Limpieza 23 Dic', 'Escuela', NULL, 1, 'Transferencia', '1.00', '400.00', 'G', 4, '2025-09-01 21:54:22'),
(721, '2024-12-23', 'Total Play', 'Marco Delgado', NULL, 1, 'Transferencia', '1.00', '569.00', 'G', 1, '2025-09-01 21:54:22'),
(722, '2024-12-29', 'Mensualidad clase Guitarra G Edgar Javier Chavez Reyes', 'Hugo Vazquez', NULL, 1, 'TPV', '1.00', '1350.00', 'I', 3, '2025-09-01 21:54:22'),
(723, '2024-12-30', 'Mensualidad clase Guitarra G Axel Adrian Hernandez Martinez', 'Hugo Vazquez', NULL, 1, 'TPV', '1.00', '1275.00', 'I', 3, '2025-09-01 21:54:22'),
(724, '2024-12-30', 'Hector R Solis Q', 'Escuela', NULL, 1, 'Transferencia', '1.00', '1500.00', 'G', 4, '2025-09-01 21:54:22'),
(725, '2024-12-30', 'Mensualidad clase Guitarra G Oscar Godinez Martinez', 'Irwin Hernandez', NULL, 1, 'TPV', '1.00', '1350.00', 'I', 3, '2025-09-01 21:54:22'),
(726, '2024-12-31', 'Sueldo Maestros Rockstar Skull', 'Escuela', NULL, 1, 'TDC', '1.00', '18300.00', 'G', 1, '2025-09-01 21:54:22'),
(727, '2024-12-31', 'Quincena Frank', 'Escuela', NULL, 1, 'Symbiot', '1.00', '3500.00', 'G', 4, '2025-09-01 21:54:22'),
(728, '2024-12-31', 'Clases de Batería Demian Andrade', 'Escuela', NULL, 1, 'Symbiot', '1.00', '400.00', 'G', 4, '2025-09-01 21:54:22'),
(729, '2024-12-31', 'Clases de Canto Nahomy Perez', 'Escuela', NULL, 1, 'Symbiot', '1.00', '650.00', 'G', 4, '2025-09-01 21:54:22'),
(730, '2024-12-31', 'Clases de Teclado Manuel Reyes', 'Escuela', NULL, 1, 'Symbiot', '1.00', '1050.00', 'G', 4, '2025-09-01 21:54:22'),
(731, '2024-12-31', 'Sueldos', 'Escuela', NULL, 1, 'Transferencia', '1.00', '2231.00', 'G', 4, '2025-09-01 21:54:22'),
(732, '2024-12-31', 'Clases de Bajo Luis Blanquet', 'Escuela', NULL, 1, 'Symbiot', '1.00', '1050.00', 'G', 4, '2025-09-01 21:54:22'),
(733, '2024-12-31', 'Clases de Batería Julio Olvera', 'Escuela', NULL, 1, 'Symbiot', '1.00', '3350.00', 'G', 4, '2025-09-01 21:54:22'),
(734, '2024-12-31', 'Clases de Guitarra Irwin Hernandez', 'Escuela', NULL, 1, 'Symbiot', '1.00', '3150.00', 'G', 4, '2025-09-01 21:54:22'),
(735, '2024-12-31', 'Clases de Guitarra Hugo Vazquez', 'Escuela', NULL, 1, 'Symbiot', '1.00', '2650.00', 'G', 4, '2025-09-01 21:54:23'),
(736, '2024-12-31', 'Comisiones TPV', 'Escuela', NULL, 1, 'Transferencia', '1.00', '1608.92', 'G', 4, '2025-09-01 21:54:23'),
(737, '2025-01-01', 'Mensualidad clase Teclado G Luis Erik Arias Ayala', 'Manuel Reyes', NULL, 1, 'TPV', '1.00', '1500.00', 'I', 3, '2025-09-01 21:54:23'),
(738, '2025-01-02', 'Mensualidad clase Batería G Ares Maximiliano Gonzalez', 'Demian Andrade', NULL, 1, 'TPV', '1.00', '1275.00', 'I', 3, '2025-09-01 21:54:23'),
(739, '2025-01-02', 'Mensualidad clase Teclado G Mateo Gonzalez', 'Manuel Reyes', NULL, 1, 'TPV', '1.00', '1275.00', 'I', 3, '2025-09-01 21:54:23'),
(740, '2025-01-02', 'Mensualidad clase Bajo G Carlos Bennet', 'Luis Blanquet', NULL, 1, 'TPV', '1.00', '1350.00', 'I', 3, '2025-09-01 21:54:23'),
(741, '2025-01-04', 'Mensualidad clase Batería G Fanny Ieraldini Guitierrez Jasso', 'Julio Olvera', NULL, 1, 'Transferencia', '1.00', '1350.00', 'I', 3, '2025-09-01 21:54:23'),
(742, '2025-01-04', 'Mensualidad clase Batería I Rebeca Guadalupe Juarez Vergara', 'Julio Olvera', NULL, 1, 'TPV', '1.00', '1800.00', 'I', 3, '2025-09-01 21:54:23'),
(743, '2025-01-04', 'Mensualidad clase Batería G Aidan Crosby Lobo', 'Julio Olvera', NULL, 1, 'TPV', '1.00', '1350.00', 'I', 3, '2025-09-01 21:54:23'),
(744, '2025-01-04', 'Mensualidad clase Guitarra G Manuel Santiago Mendoza', 'Irwin Hernandez', NULL, 1, 'TPV', '1.00', '1350.00', 'I', 3, '2025-09-01 21:54:23'),
(745, '2025-01-05', 'Mensualidad clase Guitarra G Leonardo Arturo Gomez Lopez', 'Irwin Hernandez', NULL, 1, 'TPV', '1.00', '1350.00', 'I', 3, '2025-09-01 21:54:23'),
(746, '2025-01-05', 'Mensualidad clase Canto G Luis Alberto Guizar Garcia', 'Nahomy Perez', NULL, 1, 'TPV', '1.00', '1350.00', 'I', 3, '2025-09-01 21:54:23'),
(747, '2025-01-05', 'Mensualidad clase Batería G Luis Fernando Ferruzca Perez', 'Julio Olvera', NULL, 1, 'TPV', '1.00', '1350.00', 'I', 3, '2025-09-01 21:54:23'),
(748, '2025-01-05', 'Mensualidad clase Batería G Luciano Gastelum Crosby', 'Julio Olvera', NULL, 1, 'TPV', '1.00', '1350.00', 'I', 3, '2025-09-01 21:54:23'),
(749, '2025-01-06', 'Limpieza 6 Enero', 'Escuela', NULL, 1, 'Transferencia', '1.00', '400.00', 'G', 4, '2025-09-01 21:54:23'),
(750, '2025-01-07', 'Mensualidad clase Batería G Jorge Armando Hernandez', 'Julio Olvera', NULL, 1, 'TPV', '1.00', '1350.00', 'I', 3, '2025-09-01 21:54:23'),
(751, '2025-01-07', 'Mensualidad clase Teclado G Cristopher Rafael Huerta Robledo', 'Manuel Reyes', NULL, 1, 'TPV', '1.00', '1350.00', 'I', 3, '2025-09-01 21:54:23'),
(752, '2025-01-08', 'Meta Ads', 'Antonio Razo', NULL, 1, 'Transferencia', '1.00', '5000.00', 'G', 2, '2025-09-01 21:54:23'),
(753, '2025-01-09', 'Mensualidad clase Guitarra I Alan Mateo Gomez Juarez', 'Irwin Hernandez', NULL, 1, 'TPV', '1.00', '1800.00', 'I', 3, '2025-09-01 21:54:23'),
(754, '2025-01-09', 'Mensualidad clase Batería G Leonardo Perez Gomez', 'Julio Olvera', NULL, 1, 'TPV', '1.00', '1350.00', 'I', 3, '2025-09-01 21:54:23'),
(755, '2025-01-10', 'Mensualidad clase Guitarra G Leonardo Saul Ayala Vaca', 'Julio Olvera', NULL, 1, 'Transferencia', '1.00', '1275.00', 'I', 3, '2025-09-01 21:54:23'),
(756, '2025-01-10', 'Mensualidad clase Batería G Elian Matias Ayala Vaca', 'Irwin Hernandez', NULL, 1, 'Transferencia', '1.00', '1275.00', 'I', 3, '2025-09-01 21:54:23'),
(757, '2025-01-11', 'Mensualidad clase Batería G Sergio Hector Rivera Trejo', 'Julio Olvera', NULL, 1, 'Transferencia', '1.00', '1350.00', 'I', 3, '2025-09-01 21:54:23'),
(758, '2025-01-13', 'CTIM-3 Huella Estructural', 'Marco Delgado', NULL, 2, 'Transferencia', '1.00', '77250.00', 'I', 1, '2025-09-01 21:54:23'),
(759, '2025-01-13', 'Pedalera', 'Hugo Vazquez', NULL, 1, 'Efectivo', '1.00', '1500.00', 'G', 3, '2025-09-01 21:54:23'),
(760, '2025-01-13', 'Mensualidad clase Bajo G Alexis Cordova', 'Luis Blanquet', NULL, 1, 'TPV', '1.00', '1350.00', 'I', 3, '2025-09-01 21:54:23'),
(761, '2025-01-14', 'JLCPCB Manufacturing', 'Marco Delgado', NULL, 2, 'TDC', '1.00', '25656.46', 'G', 1, '2025-09-01 21:54:23'),
(762, '2025-01-14', 'Formularios de inscripción y encuestas', 'Escuela', NULL, 1, 'Efectivo', '1.00', '50.00', 'G', 4, '2025-09-01 21:54:23'),
(763, '2025-01-14', 'Limpieza 14-Ene', 'Escuela', NULL, 1, 'Transferencia', '1.00', '400.00', 'G', 4, '2025-09-01 21:54:23'),
(764, '2025-01-15', 'Mensualidad clase Guitarra G Alondra Cecilia Morales Alvarez', 'Hugo Vazquez', NULL, 1, 'TPV', '1.00', '1350.00', 'I', 3, '2025-09-01 21:54:23'),
(765, '2025-01-16', 'Quincena Frank', 'Escuela', NULL, 1, 'Transferencia', '1.00', '2150.00', 'G', 4, '2025-09-01 21:54:23'),
(766, '2025-01-16', 'Quincena Frank', 'Escuela', NULL, 1, 'Efectivo', '1.00', '1350.00', 'G', 4, '2025-09-01 21:54:23'),
(767, '2025-01-20', 'Mensualidad clase Guitarra G Guadalupe Donaji Arellano Ramirez', 'Hugo Vazquez', NULL, 1, 'TPV', '1.00', '1350.00', 'I', 3, '2025-09-01 21:54:23'),
(768, '2025-01-20', 'Papel de baño 4 rollos', 'Escuela', NULL, 1, 'Efectivo', '1.00', '39.00', 'G', 4, '2025-09-01 21:54:23'),
(769, '2025-01-20', 'Pago CFE', 'Marco Delgado', NULL, 1, 'Transferencia', '1.00', '812.00', 'G', 1, '2025-09-01 21:54:23'),
(770, '2025-01-20', 'Mensualidad clase Batería G Arath Martinez Gomez', 'Demian Andrade', NULL, 1, 'TPV', '1.00', '1350.00', 'I', 3, '2025-09-01 21:54:23'),
(771, '2025-01-21', 'Renta', 'Escuela', NULL, 1, 'Transferencia', '1.00', '11560.00', 'G', 4, '2025-09-01 21:54:23'),
(772, '2025-01-21', 'Limpieza 21-Ene', 'Escuela', NULL, 1, 'Transferencia', '1.00', '400.00', 'G', 4, '2025-09-01 21:54:23'),
(773, '2025-01-21', 'Mensualidad clase Guitarra G Mariana Diaz Garcia', 'Irwin Hernandez', NULL, 1, 'TPV', '1.00', '1350.00', 'I', 3, '2025-09-01 21:54:23'),
(774, '2025-01-22', 'Total Play', 'Marco Delgado', NULL, 1, 'Transferencia', '1.00', '569.00', 'G', 1, '2025-09-01 21:54:23'),
(775, '2025-01-25', 'Limpieza', 'Escuela', NULL, 1, 'Transferencia', '1.00', '400.00', 'G', 4, '2025-09-01 21:54:23'),
(776, '2025-01-28', 'Mensualidad clase Batería G Paulina Yazmin Vallejo Nava', 'Julio Olvera', NULL, 1, 'Efectivo', '1.00', '1350.00', 'I', 3, '2025-09-01 21:54:23'),
(777, '2025-01-29', 'Mensualidad clase Canto G Carlos Alejandro Maya Rodriguez', 'Nahomy Perez', NULL, 1, 'TPV', '2.00', '1275.00', 'I', 3, '2025-09-01 21:54:23'),
(778, '2025-01-30', 'Mensualidad clase Guitarra G Axel Adrian Hernandez Martinez', 'Hugo Vazquez', NULL, 1, 'TPV', '1.00', '1275.00', 'I', 3, '2025-09-01 21:54:23'),
(779, '2025-01-30', 'Mensualidad clase Guitarra G Oscar Godinez Martinez', 'Irwin Hernandez', NULL, 1, 'TPV', '1.00', '1350.00', 'I', 3, '2025-09-01 21:54:23'),
(780, '2025-01-31', 'Clases de Canto Nahomy Perez', 'Escuela', NULL, 1, 'Transferencia', '1.00', '480.00', 'G', 4, '2025-09-01 21:54:23'),
(781, '2025-01-31', 'Clases de Batería Julio Olvera', 'Escuela', NULL, 1, 'Transferencia', '1.00', '3980.00', 'G', 4, '2025-09-01 21:54:23'),
(782, '2025-01-31', 'Quincena Frank', 'Escuela', NULL, 1, 'Transferencia', '1.00', '3500.00', 'G', 4, '2025-09-01 21:54:23'),
(783, '2025-01-31', 'Clases de Teclado Manuel Reyes', 'Escuela', NULL, 1, 'Transferencia', '1.00', '1280.00', 'G', 4, '2025-09-01 21:54:23'),
(784, '2025-01-31', 'Clases de Bajo Luis Blanquet', 'Escuela', NULL, 1, 'Transferencia', '1.00', '800.00', 'G', 4, '2025-09-01 21:54:23'),
(785, '2025-01-31', 'Clases de Batería Demian Andrade', 'Escuela', NULL, 1, 'Transferencia', '1.00', '800.00', 'G', 4, '2025-09-01 21:54:23'),
(786, '2025-01-31', 'Clases de Guitarra Irwin Hernandez', 'Escuela', NULL, 1, 'Transferencia', '1.00', '2900.00', 'G', 4, '2025-09-01 21:54:23'),
(787, '2025-01-31', 'Clases de Guitarra Hugo Vazquez', 'Escuela', NULL, 1, 'Transferencia', '1.00', '1600.00', 'G', 4, '2025-09-01 21:54:23'),
(788, '2025-01-31', 'Comisiones TPV', 'Escuela', NULL, 1, 'Transferencia', '1.00', '1718.54', 'G', 4, '2025-09-01 21:54:23'),
(789, '2025-02-01', 'Mensualidad clase Teclado G Luis Erik Arias Ayala', 'Manuel Reyes', NULL, 1, 'TPV', '1.00', '1500.00', 'I', 3, '2025-09-01 21:54:23'),
(790, '2025-02-02', 'Cuerdas Ernieball', 'Escuela', NULL, 1, 'Efectivo', '1.00', '70.00', 'G', 4, '2025-09-01 21:54:23'),
(791, '2025-02-02', 'Mensualidad clase Batería G Ares Maximiliano Gonzalez', 'Demian Andrade', NULL, 1, 'TPV', '1.00', '1275.00', 'I', 3, '2025-09-01 21:54:23'),
(792, '2025-02-02', 'Mensualidad clase Teclado G Mateo Gonzalez', 'Manuel Reyes', NULL, 1, 'TPV', '1.00', '1275.00', 'I', 3, '2025-09-01 21:54:23'),
(793, '2025-02-04', 'Mensualidad clase Batería G Fanny Ieraldini Guitierrez Jasso', 'Julio Olvera', NULL, 1, 'Transferencia', '1.00', '1350.00', 'I', 3, '2025-09-01 21:54:23'),
(794, '2025-02-04', 'Mensualidad clase Batería I Rebeca Guadalupe Juarez Vergara', 'Julio Olvera', NULL, 1, 'TPV', '1.00', '1800.00', 'I', 3, '2025-09-01 21:54:23'),
(795, '2025-02-04', 'Mensualidad clase Batería G Aidan Crosby Lobo', 'Julio Olvera', NULL, 1, 'TPV', '1.00', '1350.00', 'I', 3, '2025-09-01 21:54:23'),
(796, '2025-02-04', 'Mensualidad clase Guitarra G Manuel Santiago Mendoza', 'Irwin Hernandez', NULL, 1, 'TPV', '1.00', '1350.00', 'I', 3, '2025-09-01 21:54:23'),
(797, '2025-02-04', 'Limpieza 01-Feb', 'Escuela', NULL, 1, 'Transferencia', '1.00', '400.00', 'G', 4, '2025-09-01 21:54:23'),
(798, '2025-02-04', 'Brocha', 'Escuela', NULL, 1, 'Efectivo', '1.00', '45.00', 'G', 4, '2025-09-01 21:54:23'),
(799, '2025-02-05', 'Mensualidad clase Guitarra G Leonardo Arturo Gomez Lopez', 'Irwin Hernandez', NULL, 1, 'TPV', '1.00', '1350.00', 'I', 3, '2025-09-01 21:54:23'),
(800, '2025-02-05', 'Mensualidad clase Canto G Luis Alberto Guizar Garcia', 'Nahomy Perez', NULL, 1, 'TPV', '1.00', '1350.00', 'I', 3, '2025-09-01 21:54:23'),
(801, '2025-02-05', '3 Multicontactos', 'Escuela', NULL, 1, 'Efectivo', '1.00', '210.00', 'G', 4, '2025-09-01 21:54:23'),
(802, '2025-02-05', 'Articulos de limpieza', 'Escuela', NULL, 1, 'Efectivo', '1.00', '87.00', 'G', 4, '2025-09-01 21:54:23'),
(803, '2025-02-05', 'Mensualidad clase Batería G Luis Fernando Ferruzca Perez', 'Julio Olvera', NULL, 1, 'TPV', '1.00', '1350.00', 'I', 3, '2025-09-01 21:54:23'),
(804, '2025-02-05', 'Mensualidad clase Batería G Luciano Gastelum Crosby', 'Julio Olvera', NULL, 1, 'TPV', '1.00', '1350.00', 'I', 3, '2025-09-01 21:54:23'),
(805, '2025-02-07', 'Mensualidad clase Batería G Jorge Armando Hernandez', 'Julio Olvera', NULL, 1, 'TPV', '1.00', '1350.00', 'I', 3, '2025-09-01 21:54:23'),
(806, '2025-02-07', 'Mensualidad clase Teclado G Cristopher Rafael Huerta Robledo', 'Manuel Reyes', NULL, 1, 'TPV', '1.00', '1350.00', 'I', 3, '2025-09-01 21:54:23'),
(807, '2025-02-09', 'Mensualidad clase Guitarra I Alan Mateo Gomez Juarez', 'Irwin Hernandez', NULL, 1, 'TPV', '1.00', '1800.00', 'I', 3, '2025-09-01 21:54:23'),
(808, '2025-02-09', 'Simcom SIM7600G PCIe', 'Marco Delgado', NULL, 2, 'TDC', '3.00', '993.93', 'G', 1, '2025-09-01 21:54:23'),
(809, '2025-02-09', 'Mensualidad clase Batería G Leonardo Perez Gomez', 'Julio Olvera', NULL, 1, 'TPV', '1.00', '1350.00', 'I', 3, '2025-09-01 21:54:23'),
(810, '2025-02-11', 'Limpieza 08-Feb', 'Escuela', NULL, 1, 'Transferencia', '1.00', '400.00', 'G', 4, '2025-09-01 21:54:23'),
(811, '2025-02-11', 'Mensualidad clase Batería G Sergio Hector Rivera Trejo', 'Julio Olvera', NULL, 1, 'Transferencia', '1.00', '1350.00', 'I', 3, '2025-09-01 21:54:23'),
(812, '2025-02-13', 'Mensualidad clase Bajo G Alexis Cordova', 'Luis Blanquet', NULL, 1, 'TPV', '1.00', '1350.00', 'I', 3, '2025-09-01 21:54:23'),
(813, '2025-02-14', 'Mantenimiento Febrero', 'Escuela', NULL, 1, 'Efectivo', '1.00', '792.00', 'G', 4, '2025-09-01 21:54:23'),
(814, '2025-02-15', 'Mensualidad clase Guitarra G Alondra Cecilia Morales Alvarez', 'Hugo Vazquez', NULL, 1, 'TPV', '1.00', '1350.00', 'I', 3, '2025-09-01 21:54:23'),
(815, '2025-02-15', 'Mensualidad clase Guitarra G Eitan Peña Gonzalez', 'Irwin Hernandez', NULL, 1, 'Transferencia', '1.00', '1350.00', 'I', 3, '2025-09-01 21:54:23'),
(816, '2025-02-16', 'Total Play', 'Marco Delgado', NULL, 1, 'Transferencia', '1.00', '518.99', 'G', 1, '2025-09-01 21:54:23'),
(817, '2025-02-17', 'Cuerda 2, Ernieball', 'Escuela', NULL, 1, 'Efectivo', '1.00', '35.00', 'G', 4, '2025-09-01 21:54:23'),
(818, '2025-02-17', 'Papel de baño', 'Escuela', NULL, 1, 'Efectivo', '1.00', '45.00', 'G', 4, '2025-09-01 21:54:23'),
(819, '2025-02-17', 'Limpieza 15-Feb', 'Escuela', NULL, 1, 'Transferencia', '1.00', '400.00', 'G', 4, '2025-09-01 21:54:23'),
(820, '2025-02-17', 'Quincena Frank', 'Escuela', NULL, 1, 'Transferencia', '1.00', '3500.00', 'G', 4, '2025-09-01 21:54:23'),
(821, '2025-02-20', 'Mensualidad clase Guitarra G Guadalupe Donaji Arellano Ramirez', 'Hugo Vazquez', NULL, 1, 'TPV', '1.00', '1350.00', 'I', 3, '2025-09-01 21:54:23'),
(822, '2025-02-20', 'Mensualidad clase Batería G Arath Martinez Gomez', 'Demian Andrade', NULL, 1, 'TPV', '1.00', '1350.00', 'I', 3, '2025-09-01 21:54:23'),
(823, '2025-02-21', 'Mensualidad clase Guitarra G Mariana Diaz Garcia', 'Irwin Hernandez', NULL, 1, 'TPV', '1.00', '1350.00', 'I', 3, '2025-09-01 21:54:23'),
(824, '2025-02-24', 'Limpieza 22-Feb', 'Escuela', NULL, 1, 'Transferencia', '1.00', '400.00', 'G', 4, '2025-09-01 21:54:23'),
(825, '2025-02-26', 'Mensualidad clase Guitarra G Leonardo Saul Ayala Vaca', 'Julio Olvera', NULL, 1, 'Transferencia', '1.00', '1275.00', 'I', 3, '2025-09-01 21:54:23'),
(826, '2025-02-26', 'Mensualidad clase Batería G Elian Matias Ayala Vaca', 'Irwin Hernandez', NULL, 1, 'Transferencia', '1.00', '1275.00', 'I', 3, '2025-09-01 21:54:23'),
(827, '2025-02-27', 'Renta', 'Escuela', NULL, 1, 'Transferencia', '1.00', '11560.00', 'G', 4, '2025-09-01 21:54:23'),
(828, '2025-02-28', 'Mensualidad clase Guitarra G Axel Adrian Hernandez Martinez', 'Hugo Vazquez', NULL, 1, 'TPV', '1.00', '1275.00', 'I', 3, '2025-09-01 21:54:23'),
(829, '2025-02-28', 'Mensualidad clase Guitarra G Oscar Godinez Martinez', 'Irwin Hernandez', NULL, 1, 'TPV', '1.00', '1350.00', 'I', 3, '2025-09-01 21:54:23'),
(830, '2025-02-28', 'Comisiones TPV', 'Escuela', NULL, 1, 'Transferencia', '1.00', '1822.07', 'G', 4, '2025-09-01 21:54:23'),
(831, '2025-02-28', 'Quincena Frank', 'Escuela', NULL, 1, 'Transferencia', '1.00', '3500.00', 'G', 4, '2025-09-01 21:54:23'),
(832, '2025-02-28', 'Clases de Batería Demian Andrade', 'Escuela', NULL, 1, 'Transferencia', '1.00', '880.00', 'G', 4, '2025-09-01 21:54:23'),
(833, '2025-02-28', 'Clases de Guitarra Hugo Vazquez', 'Escuela', NULL, 1, 'Transferencia', '1.00', '1600.00', 'G', 4, '2025-09-01 21:54:23'),
(834, '2025-02-28', 'Clases de Guitarra Irwin Hernandez', 'Escuela', NULL, 1, 'Transferencia', '1.00', '2900.00', 'G', 4, '2025-09-01 21:54:23'),
(835, '2025-02-28', 'Clases de Bajo Luis Blanquet', 'Escuela', NULL, 1, 'Transferencia', '1.00', '400.00', 'G', 4, '2025-09-01 21:54:23'),
(836, '2025-02-28', 'Clases de Teclado Manuel Reyes', 'Escuela', NULL, 1, 'Transferencia', '1.00', '1200.00', 'G', 4, '2025-09-01 21:54:23'),
(837, '2025-02-28', 'Clases de Batería Julio Olvera', 'Escuela', NULL, 1, 'Transferencia', '1.00', '4300.00', 'G', 4, '2025-09-01 21:54:23'),
(838, '2025-02-28', 'Clases de Canto Nahomy Perez', 'Escuela', NULL, 1, 'Transferencia', '1.00', '1200.00', 'G', 4, '2025-09-01 21:54:23'),
(839, '2025-02-28', 'Mensualidad clase Canto G Carlos Alejandro Maya Rodriguez', 'Nahomy Perez', NULL, 1, 'TPV', '2.00', '1275.00', 'I', 3, '2025-09-01 21:54:23'),
(840, '2025-03-01', 'Mensualidad clase Teclado G Luis Erik Arias Ayala', 'Manuel Reyes', NULL, 1, 'TPV', '1.00', '1500.00', 'I', 3, '2025-09-01 21:54:23'),
(841, '2025-03-01', 'Limpieza 01-Mar', 'Escuela', NULL, 1, 'Transferencia', '1.00', '400.00', 'G', 4, '2025-09-01 21:54:23'),
(842, '2025-03-01', 'Pago CFE', 'Marco Delgado', NULL, 1, 'Transferencia', '1.00', '713.00', 'G', 1, '2025-09-01 21:54:23'),
(843, '2025-03-02', 'Mensualidad clase Batería G Ares Maximiliano Gonzalez', 'Demian Andrade', NULL, 1, 'TPV', '1.00', '1275.00', 'I', 3, '2025-09-01 21:54:23'),
(844, '2025-03-02', 'Mensualidad clase Teclado G Mateo Gonzalez', 'Manuel Reyes', NULL, 1, 'TPV', '1.00', '1275.00', 'I', 3, '2025-09-01 21:54:23'),
(845, '2025-03-04', 'Mensualidad clase Batería G Fanny Ieraldini Guitierrez Jasso', 'Julio Olvera', NULL, 1, 'Transferencia', '1.00', '1350.00', 'I', 3, '2025-09-01 21:54:23'),
(846, '2025-03-04', 'Mensualidad clase Batería I Rebeca Guadalupe Juarez Vergara', 'Julio Olvera', NULL, 1, 'TPV', '1.00', '1800.00', 'I', 3, '2025-09-01 21:54:23'),
(847, '2025-03-04', 'Mensualidad clase Batería G Aidan Crosby Lobo', 'Julio Olvera', NULL, 1, 'TPV', '1.00', '1350.00', 'I', 3, '2025-09-01 21:54:23'),
(848, '2025-03-04', 'Mensualidad clase Guitarra G Manuel Santiago Mendoza', 'Irwin Hernandez', NULL, 1, 'TPV', '1.00', '1350.00', 'I', 3, '2025-09-01 21:54:23'),
(849, '2025-03-04', 'Mensualidad clase Guitarra G Irving Omar Pacheco Flores', 'Irwin Hernandez', NULL, 1, 'Efectivo', '1.00', '1350.00', 'I', 3, '2025-09-01 21:54:23'),
(850, '2025-03-05', 'Mensualidad clase Guitarra G Leonardo Arturo Gomez Lopez', 'Irwin Hernandez', NULL, 1, 'TPV', '1.00', '1350.00', 'I', 3, '2025-09-01 21:54:23'),
(851, '2025-03-05', 'Mensualidad clase Canto G Luis Alberto Guizar Garcia', 'Nahomy Perez', NULL, 1, 'TPV', '1.00', '1350.00', 'I', 3, '2025-09-01 21:54:23'),
(852, '2025-03-05', 'Mensualidad clase Batería G Luis Fernando Ferruzca Perez', 'Julio Olvera', NULL, 1, 'TPV', '1.00', '1350.00', 'I', 3, '2025-09-01 21:54:23'),
(853, '2025-03-05', 'Mensualidad clase Batería G Luciano Gastelum Crosby', 'Julio Olvera', NULL, 1, 'TPV', '1.00', '1350.00', 'I', 3, '2025-09-01 21:54:23'),
(854, '2025-03-07', 'Mensualidad clase Batería G Jorge Armando Hernandez', 'Julio Olvera', NULL, 1, 'TPV', '1.00', '1350.00', 'I', 3, '2025-09-01 21:54:23'),
(855, '2025-03-07', 'Mensualidad clase Teclado G Cristopher Rafael Huerta Robledo', 'Manuel Reyes', NULL, 1, 'TPV', '1.00', '1350.00', 'I', 3, '2025-09-01 21:54:23'),
(856, '2025-03-09', 'Mensualidad clase Guitarra I Alan Mateo Gomez Juarez', 'Irwin Hernandez', NULL, 1, 'TPV', '1.00', '1800.00', 'I', 3, '2025-09-01 21:54:23'),
(857, '2025-03-09', 'Mensualidad clase Batería G Leonardo Perez Gomez', 'Julio Olvera', NULL, 1, 'TPV', '1.00', '1350.00', 'I', 3, '2025-09-01 21:54:23'),
(858, '2025-03-10', 'Limpieza 08-Mar', 'Escuela', NULL, 1, 'Transferencia', '1.00', '400.00', 'G', 4, '2025-09-01 21:54:23'),
(859, '2025-03-11', 'Mensualidad clase Batería G Sergio Hector Rivera Trejo', 'Julio Olvera', NULL, 1, 'Transferencia', '1.00', '1350.00', 'I', 3, '2025-09-01 21:54:23'),
(860, '2025-03-12', 'Kit de seperadores y tornillos de nylon', 'Marco Delgado', NULL, 2, 'TDC', '1.00', '259.00', 'G', 1, '2025-09-01 21:54:23'),
(861, '2025-03-12', 'Espaciadores y tornillos de latón', 'Marco Delgado', NULL, 2, 'TDC', '1.00', '285.24', 'G', 1, '2025-09-01 21:54:23'),
(862, '2025-03-12', 'Juego de tornillos para caja', 'Marco Delgado', NULL, 2, 'TDC', '1.00', '167.96', 'G', 1, '2025-09-01 21:54:23'),
(863, '2025-03-13', 'Mensualidad clase Bajo G Alexis Cordova', 'Luis Blanquet', NULL, 1, 'TPV', '1.00', '1350.00', 'I', 3, '2025-09-01 21:54:23'),
(864, '2025-03-15', 'Mensualidad clase Guitarra G Alondra Cecilia Morales Alvarez', 'Hugo Vazquez', NULL, 1, 'TPV', '1.00', '1350.00', 'I', 3, '2025-09-01 21:54:23'),
(865, '2025-03-15', 'Limpieza 15-Mar', 'Escuela', NULL, 1, 'Transferencia', '1.00', '400.00', 'G', 4, '2025-09-01 21:54:23'),
(866, '2025-03-15', 'Quincena Santiago', 'Escuela', NULL, 1, 'Transferencia', '1.00', '2250.00', 'G', 4, '2025-09-01 21:54:23'),
(867, '2025-03-15', 'Mensualidad clase Guitarra G Eitan Peña Gonzalez', 'Irwin Hernandez', NULL, 1, 'Transferencia', '1.00', '1350.00', 'I', 3, '2025-09-01 21:54:23'),
(868, '2025-03-16', 'Total Play', 'Marco Delgado', NULL, 1, 'Transferencia', '1.00', '519.00', 'G', 1, '2025-09-01 21:54:23'),
(869, '2025-03-19', 'Mensualidad clase Batería G Diego Alonso Grajeda', 'Julio Olvera', NULL, 1, 'Transferencia', '2.00', '1275.00', 'I', 3, '2025-09-01 21:54:23'),
(870, '2025-03-20', 'Mensualidad clase Guitarra G Guadalupe Donaji Arellano Ramirez', 'Hugo Vazquez', NULL, 1, 'TPV', '1.00', '1350.00', 'I', 3, '2025-09-01 21:54:23'),
(871, '2025-03-20', 'Mensualidad clase Batería G Arath Martinez Gomez', 'Demian Andrade', NULL, 1, 'TPV', '1.00', '1350.00', 'I', 3, '2025-09-01 21:54:23'),
(872, '2025-03-21', 'Renta', 'Escuela', NULL, 1, 'Transferencia', '1.00', '11560.00', 'G', 4, '2025-09-01 21:54:23'),
(873, '2025-03-21', 'Mensualidad clase Guitarra G Mariana Diaz Garcia', 'Irwin Hernandez', NULL, 1, 'TPV', '1.00', '1350.00', 'I', 3, '2025-09-01 21:54:23'),
(874, '2025-03-23', 'Limpieza 22-Mar', 'Escuela', NULL, 1, 'Transferencia', '1.00', '400.00', 'G', 4, '2025-09-01 21:54:23'),
(875, '2025-03-23', 'Adelanto involuntario Santiago', 'Escuela', NULL, 1, 'Transferencia', '1.00', '400.00', 'G', 4, '2025-09-01 21:54:23'),
(876, '2025-03-23', 'Smartphone Motorola Moto G04s', 'Marco Delgado', NULL, 1, 'TDC', '1.00', '1750.00', 'G', 1, '2025-09-01 21:54:23'),
(877, '2025-03-24', 'JLCPCB Manufacturing - Versión 2 del Prototipo', 'Marco Delgado', NULL, 2, 'TDC', '5.00', '4247.46', 'G', 1, '2025-09-01 21:54:23'),
(878, '2025-03-25', 'Mensualidad clase Bajo G Luis Tadeo Diaz Servín', 'Luis Blanquet', NULL, 1, 'Efectivo', '1.00', '500.00', 'I', 3, '2025-09-01 21:54:23'),
(879, '2025-03-26', 'Mensualidad clase Guitarra G Leonardo Saul Ayala Vaca', 'Julio Olvera', NULL, 1, 'Transferencia', '1.00', '1275.00', 'I', 3, '2025-09-01 21:54:23'),
(880, '2025-03-26', 'Mensualidad clase Batería G Elian Matias Ayala Vaca', 'Irwin Hernandez', NULL, 1, 'Transferencia', '1.00', '1275.00', 'I', 3, '2025-09-01 21:54:23'),
(881, '2025-03-26', 'Mensualidad clase Guitarra G Gerardo Alexis Ayala Castillo', 'Irwin Hernandez', NULL, 1, 'TPV', '1.00', '1200.00', 'I', 3, '2025-09-01 21:54:23'),
(882, '2025-03-28', 'Mensualidad clase Guitarra G Axel Adrian Hernandez Martinez', 'Hugo Vazquez', NULL, 1, 'TPV', '1.00', '1275.00', 'I', 3, '2025-09-01 21:54:23'),
(883, '2025-03-28', 'Mensualidad clase Guitarra G Oscar Godinez Martinez', 'Irwin Hernandez', NULL, 1, 'TPV', '1.00', '1350.00', 'I', 3, '2025-09-01 21:54:23'),
(884, '2025-03-28', 'Mensualidad clase Canto G Carlos Alejandro Maya Rodriguez', 'Nahomy Perez', NULL, 1, 'TPV', '2.00', '1275.00', 'I', 3, '2025-09-01 21:54:23'),
(885, '2025-03-28', 'Mensualidad clase Batería G Paulina Yazmin Vallejo Nava', 'Julio Olvera', NULL, 1, 'Efectivo', '1.00', '1350.00', 'I', 3, '2025-09-01 21:54:23'),
(886, '2025-03-28', 'Mensualidad clase Canto G David Alejandro Allende Avila', 'Nahomy Perez', NULL, 1, 'TPV', '1.00', '1350.00', 'I', 3, '2025-09-01 21:54:23'),
(887, '2025-03-31', 'Comisiones TPV', 'Escuela', NULL, 1, 'Transferencia', '1.00', '2110.33', 'G', 4, '2025-09-01 21:54:23'),
(888, '2025-03-31', 'Clases de Guitarra Hugo Vazquez', 'Escuela', NULL, 1, 'Efectivo', '1.00', '1600.00', 'G', 4, '2025-09-01 21:54:23'),
(889, '2025-03-31', 'Clases de Guitarra Irwin Hernandez', 'Escuela', NULL, 1, 'Transferencia', '1.00', '4100.00', 'G', 4, '2025-09-01 21:54:23'),
(890, '2025-03-31', 'Clases de Batería Demian Andrade', 'Escuela', NULL, 1, 'Transferencia', '1.00', '800.00', 'G', 4, '2025-09-01 21:54:23'),
(891, '2025-03-31', 'Clases de Teclado Manuel Reyes', 'Escuela', NULL, 1, 'Transferencia', '1.00', '1280.00', 'G', 4, '2025-09-01 21:54:23'),
(892, '2025-03-31', 'Clases de Bajo Luis Blanquet', 'Escuela', NULL, 1, 'Transferencia', '1.00', '800.00', 'G', 4, '2025-09-01 21:54:23'),
(893, '2025-03-31', 'Clases de Batería Julio Olvera', 'Escuela', NULL, 1, 'Transferencia', '1.00', '4380.00', 'G', 4, '2025-09-01 21:54:23'),
(894, '2025-03-31', 'Clases de Canto Nahomy Perez', 'Escuela', NULL, 1, 'Transferencia', '1.00', '1200.00', 'G', 4, '2025-09-01 21:54:23'),
(895, '2025-03-31', 'Quincena Santiago', 'Escuela', NULL, 1, 'Efectivo', '1.00', '1850.00', 'G', 4, '2025-09-01 21:54:23'),
(896, '2025-04-01', 'Mensualidad clase Teclado G Luis Erik Arias Ayala', 'Manuel Reyes', NULL, 1, 'TPV', '1.00', '1500.00', 'I', 3, '2025-09-01 21:54:23'),
(897, '2025-04-01', 'Limpieza 29-Mar', 'Escuela', NULL, 1, 'Transferencia', '1.00', '400.00', 'G', 4, '2025-09-01 21:54:23'),
(898, '2025-04-02', 'Mensualidad clase Batería G Ares Maximiliano Gonzalez', 'Demian Andrade', NULL, 1, 'TPV', '1.00', '1275.00', 'I', 3, '2025-09-01 21:54:23'),
(899, '2025-04-02', 'Mensualidad clase Teclado G Mateo Gonzalez', 'Manuel Reyes', NULL, 1, 'TPV', '1.00', '1275.00', 'I', 3, '2025-09-01 21:54:23'),
(900, '2025-04-04', 'Mensualidad clase Batería G Fanny Ieraldini Guitierrez Jasso', 'Julio Olvera', NULL, 1, 'Transferencia', '1.00', '1350.00', 'I', 3, '2025-09-01 21:54:24'),
(901, '2025-04-04', 'Mensualidad clase Batería I Rebeca Guadalupe Juarez Vergara', 'Julio Olvera', NULL, 1, 'TPV', '1.00', '1800.00', 'I', 3, '2025-09-01 21:54:24'),
(902, '2025-04-04', 'Mensualidad clase Batería G Aidan Crosby Lobo', 'Julio Olvera', NULL, 1, 'TPV', '1.00', '1350.00', 'I', 3, '2025-09-01 21:54:24'),
(903, '2025-04-04', 'Mensualidad clase Guitarra G Manuel Santiago Mendoza', 'Irwin Hernandez', NULL, 1, 'TPV', '1.00', '1350.00', 'I', 3, '2025-09-01 21:54:24'),
(904, '2025-04-05', 'Mensualidad clase Guitarra G Leonardo Arturo Gomez Lopez', 'Irwin Hernandez', NULL, 1, 'TPV', '1.00', '1350.00', 'I', 3, '2025-09-01 21:54:24'),
(905, '2025-04-05', 'Mensualidad clase Canto G Luis Alberto Guizar Garcia', 'Nahomy Perez', NULL, 1, 'TPV', '1.00', '1350.00', 'I', 3, '2025-09-01 21:54:24'),
(906, '2025-04-05', 'Mensualidad clase Batería G Luis Fernando Ferruzca Perez', 'Julio Olvera', NULL, 1, 'TPV', '1.00', '1350.00', 'I', 3, '2025-09-01 21:54:24'),
(907, '2025-04-05', 'Mensualidad clase Batería G Luciano Gastelum Crosby', 'Julio Olvera', NULL, 1, 'TPV', '1.00', '1350.00', 'I', 3, '2025-09-01 21:54:24'),
(908, '2025-04-08', 'Limpieza 05-Abr', 'Escuela', NULL, 1, 'Transferencia', '1.00', '400.00', 'G', 4, '2025-09-01 21:54:24'),
(909, '2025-04-09', 'Mensualidad clase Guitarra I Alan Mateo Gomez Juarez', 'Irwin Hernandez', NULL, 1, 'TPV', '1.00', '1800.00', 'I', 3, '2025-09-01 21:54:24'),
(910, '2025-04-09', 'Mensualidad clase Batería G Leonardo Perez Gomez', 'Julio Olvera', NULL, 1, 'TPV', '1.00', '1350.00', 'I', 3, '2025-09-01 21:54:24'),
(911, '2025-04-11', 'Mensualidad clase Batería G Sergio Hector Rivera Trejo', 'Julio Olvera', NULL, 1, 'Transferencia', '1.00', '1350.00', 'I', 3, '2025-09-01 21:54:24'),
(912, '2025-04-13', 'Mensualidad clase Bajo G Alexis Cordova', 'Luis Blanquet', NULL, 1, 'TPV', '1.00', '1350.00', 'I', 3, '2025-09-01 21:54:24'),
(913, '2025-04-13', 'Finiquito Frank', 'Escuela', NULL, 1, 'Transferencia', '1.00', '600.00', 'G', 4, '2025-09-01 21:54:24'),
(914, '2025-04-13', 'Limpieza 12-Abr', 'Escuela', NULL, 1, 'Transferencia', '1.00', '400.00', 'G', 4, '2025-09-01 21:54:24'),
(915, '2025-04-15', 'Mensualidad clase Guitarra G Eitan Peña Gonzalez', 'Irwin Hernandez', NULL, 1, 'Transferencia', '1.00', '1350.00', 'I', 3, '2025-09-01 21:54:24'),
(916, '2025-04-16', 'Quincena Santiago', 'Escuela', NULL, 1, 'Transferencia', '1.00', '2250.00', 'G', 4, '2025-09-01 21:54:24'),
(917, '2025-04-16', 'Total Play', 'Marco Delgado', NULL, 1, 'Transferencia', '1.00', '519.00', 'G', 1, '2025-09-01 21:54:24'),
(918, '2025-04-18', 'Fuente Regulada 9V 4A', 'Marco Delgado', NULL, 2, 'TDC', '3.00', '199.00', 'G', 1, '2025-09-01 21:54:24'),
(919, '2025-04-18', 'Cable Polarizado 22 AWG para batería Sanelec', 'Marco Delgado', NULL, 2, 'TDC', '1.00', '179.00', 'G', 1, '2025-09-01 21:54:24'),
(920, '2025-04-18', 'Conectores JST XH 2 pines (200 conectores)', 'Marco Delgado', NULL, 2, 'TDC', '1.00', '158.00', 'G', 1, '2025-09-01 21:54:24'),
(921, '2025-04-19', 'Mensualidad clase Batería G Diego Alonso Grajeda', 'Julio Olvera', NULL, 1, 'Transferencia', '2.00', '1275.00', 'I', 3, '2025-09-01 21:54:24'),
(922, '2025-04-20', 'Mensualidad clase Guitarra G Guadalupe Donaji Arellano Ramirez', 'Hugo Vazquez', NULL, 1, 'TPV', '1.00', '1350.00', 'I', 3, '2025-09-01 21:54:24'),
(923, '2025-04-20', 'Mensualidad clase Batería G Arath Martinez Gomez', 'Demian Andrade', NULL, 1, 'TPV', '1.00', '1350.00', 'I', 3, '2025-09-01 21:54:24'),
(924, '2025-04-21', 'Mensualidad clase Guitarra G Mariana Diaz Garcia', 'Irwin Hernandez', NULL, 1, 'TPV', '1.00', '1350.00', 'I', 3, '2025-09-01 21:54:24'),
(925, '2025-04-21', 'Mensualidad clase Guitarra G Cesar Augusto Ancona Tellez', 'Irwin Hernandez', NULL, 1, 'TPV', '1.00', '1350.00', 'I', 3, '2025-09-01 21:54:24'),
(926, '2025-04-22', 'Renta', 'Escuela', NULL, 1, 'Transferencia', '1.00', '11560.00', 'G', 4, '2025-09-01 21:54:24'),
(927, '2025-04-22', 'Limpieza 19-Abr', 'Escuela', NULL, 1, 'Transferencia', '1.00', '400.00', 'G', 4, '2025-09-01 21:54:24'),
(928, '2025-04-24', 'JLCPCB Manufacturing - Versión 3 del Prototipo', 'Marco Delgado', NULL, 2, 'TDC', '5.00', '6183.21', 'G', 1, '2025-09-01 21:54:24'),
(929, '2025-04-24', 'Baterías recargables, soportes batería, jumpers y rollo de niquel', 'Marco Delgado', NULL, 2, 'TDC', '8.00', '657.00', 'G', 1, '2025-09-01 21:54:24'),
(930, '2025-04-25', 'Mensualidad clase Bajo G Luis Tadeo Diaz Servín', 'Luis Blanquet', NULL, 1, 'Efectivo', '1.00', '1350.00', 'I', 3, '2025-09-01 21:54:24'),
(931, '2025-04-26', 'Mensualidad clase Guitarra G Leonardo Saul Ayala Vaca', 'Julio Olvera', NULL, 1, 'Transferencia', '1.00', '1275.00', 'I', 3, '2025-09-01 21:54:24'),
(932, '2025-04-26', 'Mensualidad clase Batería G Elian Matias Ayala Vaca', 'Irwin Hernandez', NULL, 1, 'Transferencia', '1.00', '1275.00', 'I', 3, '2025-09-01 21:54:24'),
(933, '2025-04-26', 'Mensualidad clase Guitarra G Gerardo Alexis Ayala Castillo', 'Irwin Hernandez', NULL, 1, 'TPV', '1.00', '1275.00', 'I', 3, '2025-09-01 21:54:24'),
(934, '2025-04-28', 'Mensualidad clase Guitarra G Axel Adrian Hernandez Martinez', 'Hugo Vazquez', NULL, 1, 'TPV', '1.00', '1350.00', 'I', 3, '2025-09-01 21:54:24'),
(935, '2025-04-28', 'Mensualidad clase Guitarra G Oscar Godinez Martinez', 'Irwin Hernandez', NULL, 1, 'TPV', '1.00', '1350.00', 'I', 3, '2025-09-01 21:54:24'),
(936, '2025-04-28', 'Mensualidad clase Canto G Carlos Alejandro Maya Rodriguez', 'Nahomy Perez', NULL, 1, 'TPV', '2.00', '1275.00', 'I', 3, '2025-09-01 21:54:24'),
(937, '2025-04-28', 'Mensualidad clase Batería G Paulina Yazmin Vallejo Nava', 'Julio Olvera', NULL, 1, 'Efectivo', '1.00', '1350.00', 'I', 3, '2025-09-01 21:54:24'),
(938, '2025-04-28', 'Mensualidad clase Canto G David Alejandro Allende Avila', 'Nahomy Perez', NULL, 1, 'TPV', '1.00', '1350.00', 'I', 3, '2025-09-01 21:54:24'),
(939, '2025-04-29', 'Limpieza 26-Abr', 'Escuela', NULL, 1, 'Transferencia', '1.00', '400.00', 'G', 4, '2025-09-01 21:54:24'),
(940, '2025-04-30', 'Planta portatil para soldadura por puntos', 'Marco Delgado', NULL, 2, 'TDC', '1.00', '1105.44', 'G', 1, '2025-09-01 21:54:24'),
(941, '2025-04-30', 'Comisiones TPV', 'Escuela', NULL, 1, 'Transferencia', '1.00', '2041.31', 'G', 4, '2025-09-01 21:54:24'),
(942, '2025-04-30', 'Clases de Guitarra Hugo Vazquez', 'Escuela', NULL, 1, 'Transferencia', '1.00', '1200.00', 'G', 4, '2025-09-01 21:54:24'),
(943, '2025-04-30', 'Clases de Guitarra Irwin Hernandez', 'Escuela', NULL, 1, 'Transferencia', '1.00', '3700.00', 'G', 4, '2025-09-01 21:54:24'),
(944, '2025-04-30', 'Clases de Batería Demian Andrade', 'Escuela', NULL, 1, 'Transferencia', '1.00', '800.00', 'G', 4, '2025-09-01 21:54:24'),
(945, '2025-04-30', 'Clases de Teclado Manuel Reyes', 'Escuela', NULL, 1, 'Transferencia', '1.00', '800.00', 'G', 4, '2025-09-01 21:54:24'),
(946, '2025-04-30', 'Clases de Bajo Luis Blanquet', 'Escuela', NULL, 1, 'Transferencia', '1.00', '800.00', 'G', 4, '2025-09-01 21:54:24'),
(947, '2025-04-30', 'Clases de Batería Julio Olvera', 'Escuela', NULL, 1, 'Transferencia', '1.00', '4860.00', 'G', 4, '2025-09-01 21:54:24'),
(948, '2025-04-30', 'Clases de Canto Nahomy Perez', 'Escuela', NULL, 1, 'Transferencia', '1.00', '2000.00', 'G', 4, '2025-09-01 21:54:24'),
(949, '2025-04-30', 'Quincena Santiago', 'Escuela', NULL, 1, 'Transferencia', '1.00', '2310.00', 'G', 4, '2025-09-01 21:54:24'),
(950, '2025-05-01', 'Mensualidad clase Teclado G Luis Erik Arias Ayala', 'Manuel Reyes', NULL, 1, 'TPV', '1.00', '1500.00', 'I', 3, '2025-09-01 21:54:24'),
(951, '2025-05-02', 'Mensualidad clase Batería G Ares Maximiliano Gonzalez', 'Demian Andrade', NULL, 1, 'TPV', '1.00', '1275.00', 'I', 3, '2025-09-01 21:54:24'),
(952, '2025-05-02', 'Mensualidad clase Teclado G Mateo Gonzalez', 'Manuel Reyes', NULL, 1, 'TPV', '1.00', '1275.00', 'I', 3, '2025-09-01 21:54:24'),
(953, '2025-05-03', 'Limpieza 03-May', 'Escuela', NULL, 1, 'Transferencia', '1.00', '400.00', 'G', 4, '2025-09-01 21:54:24'),
(954, '2025-05-04', 'Mensualidad clase Batería G Fanny Ieraldini Guitierrez Jasso', 'Julio Olvera', NULL, 1, 'Transferencia', '1.00', '1350.00', 'I', 3, '2025-09-01 21:54:24'),
(955, '2025-05-04', 'Mensualidad clase Batería I Rebeca Guadalupe Juarez Vergara', 'Julio Olvera', NULL, 1, 'TPV', '1.00', '1800.00', 'I', 3, '2025-09-01 21:54:24'),
(956, '2025-05-04', 'Mensualidad clase Batería G Aidan Crosby Lobo', 'Julio Olvera', NULL, 1, 'TPV', '1.00', '1350.00', 'I', 3, '2025-09-01 21:54:24'),
(957, '2025-05-04', 'Mensualidad clase Guitarra G Manuel Santiago Mendoza', 'Irwin Hernandez', NULL, 1, 'TPV', '1.00', '1350.00', 'I', 3, '2025-09-01 21:54:24'),
(958, '2025-05-05', 'Mensualidad clase Guitarra G Leonardo Arturo Gomez Lopez', 'Irwin Hernandez', NULL, 1, 'TPV', '1.00', '1350.00', 'I', 3, '2025-09-01 21:54:24'),
(959, '2025-05-05', 'Mensualidad clase Canto G Luis Alberto Guizar Garcia', 'Nahomy Perez', NULL, 1, 'TPV', '1.00', '1350.00', 'I', 3, '2025-09-01 21:54:24'),
(960, '2025-05-05', 'Mensualidad clase Batería G Luciano Gastelum Crosby', 'Julio Olvera', NULL, 1, 'TPV', '1.00', '1350.00', 'I', 3, '2025-09-01 21:54:24'),
(961, '2025-05-05', 'Pago CFE', 'Marco Delgado', NULL, 1, 'Transferencia', '1.00', '646.00', 'G', 1, '2025-09-01 21:54:24'),
(962, '2025-05-08', 'Prestamo Hugo', 'Escuela', NULL, 1, 'Transferencia', '1.00', '3000.00', 'G', 4, '2025-09-01 21:54:24'),
(963, '2025-05-08', 'Mensualidad clase Guitarra G Marty Isabela Alcaraz', 'Irwin Hernandez', NULL, 1, 'Efectivo', '1.00', '1350.00', 'I', 3, '2025-09-01 21:54:24'),
(964, '2025-05-09', 'Mensualidad clase Guitarra I Alan Mateo Gomez Juarez', 'Irwin Hernandez', NULL, 1, 'TPV', '1.00', '1800.00', 'I', 3, '2025-09-01 21:54:24'),
(965, '2025-05-09', 'Meta Ads', 'Escuela', NULL, 1, 'Transferencia', '1.00', '4500.00', 'G', 4, '2025-09-01 21:54:24'),
(966, '2025-05-11', 'Mensualidad clase Batería G Sergio Hector Rivera Trejo', 'Julio Olvera', NULL, 1, 'Transferencia', '1.00', '1350.00', 'I', 3, '2025-09-01 21:54:24'),
(967, '2025-05-12', 'Limpieza 10-May', 'Escuela', NULL, 1, 'Transferencia', '1.00', '400.00', 'G', 4, '2025-09-01 21:54:24'),
(968, '2025-05-13', 'Mensualidad clase Bajo G Alexis Cordova', 'Luis Blanquet', NULL, 1, 'TPV', '1.00', '1350.00', 'I', 3, '2025-09-01 21:54:24'),
(969, '2025-05-15', 'Mensualidad clase Guitarra G Eitan Peña Gonzalez', 'Irwin Hernandez', NULL, 1, 'Transferencia', '1.00', '1350.00', 'I', 3, '2025-09-01 21:54:24'),
(970, '2025-05-15', 'Mensualidad clase Guitarra G Andrés Daza Flores', 'Irwin Hernandez', NULL, 1, 'Efectivo', '1.00', '1350.00', 'I', 3, '2025-09-01 21:54:24'),
(971, '2025-05-16', 'Quincena Santiago', 'Escuela', NULL, 1, 'Transferencia', '1.00', '2250.00', 'G', 4, '2025-09-01 21:54:24'),
(972, '2025-05-17', 'Mensualidad clase Batería G Felix Santamaría Peña', 'Julio Olvera', NULL, 1, 'TPV', '1.00', '1350.00', 'I', 3, '2025-09-01 21:54:24'),
(973, '2025-05-19', 'Limpieza 17-May', 'Escuela', NULL, 1, 'Transferencia', '1.00', '400.00', 'G', 4, '2025-09-01 21:54:24'),
(974, '2025-05-19', 'Mensualidad clase Batería G Diego Alonso Grajeda', 'Julio Olvera', NULL, 1, 'Transferencia', '2.00', '1275.00', 'I', 3, '2025-09-01 21:54:24'),
(975, '2025-05-19', 'Mensualidad clase Canto G Itzel Ameyalli Lechuga Valero', 'Nahomy Perez', NULL, 1, 'TPV', '1.00', '1350.00', 'I', 3, '2025-09-01 21:54:24'),
(976, '2025-05-20', 'Mensualidad clase Guitarra G Guadalupe Donaji Arellano Ramirez', 'Hugo Vazquez', NULL, 1, 'TPV', '1.00', '1350.00', 'I', 3, '2025-09-01 21:54:24'),
(977, '2025-05-20', 'Mensualidad clase Batería G Arath Martinez Gomez', 'Demian Andrade', NULL, 1, 'TPV', '1.00', '1350.00', 'I', 3, '2025-09-01 21:54:24'),
(978, '2025-05-20', 'Mensualidad clase Batería G Gerardo Tadeo Yépez Padilla', 'Julio Olvera', NULL, 1, 'TPV', '1.00', '1350.00', 'I', 3, '2025-09-01 21:54:24'),
(979, '2025-05-21', 'Anillos de goma IP65, Modulos Bluetooth HC05, PLC Shield', 'Marco Delgado', NULL, 2, 'TDC', '9.00', '188.35', 'G', 1, '2025-09-01 21:54:24'),
(980, '2025-05-21', 'Mensualidad clase Guitarra G Mariana Diaz Garcia', 'Irwin Hernandez', NULL, 1, 'TPV', '1.00', '1350.00', 'I', 3, '2025-09-01 21:54:24'),
(981, '2025-05-21', 'Mensualidad clase Guitarra G Cesar Augusto Ancona Tellez', 'Irwin Hernandez', NULL, 1, 'TPV', '1.00', '1350.00', 'I', 3, '2025-09-01 21:54:24'),
(982, '2025-05-22', 'Micro SD Cards y cable ethernet 30m', 'Marco Delgado', NULL, 2, 'TDC', '9.00', '96.33', 'G', 1, '2025-09-01 21:54:24'),
(983, '2025-05-22', 'Total Play', 'Escuela', NULL, 1, 'Transferencia', '1.00', '620.00', 'G', 4, '2025-09-01 21:54:24'),
(984, '2025-05-25', 'Mensualidad clase Bajo G Luis Tadeo Diaz Servín', 'Luis Blanquet', NULL, 1, 'Efectivo', '1.00', '1350.00', 'I', 3, '2025-09-01 21:54:24'),
(985, '2025-05-26', 'Mensualidad clase Guitarra G Leonardo Saul Ayala Vaca', 'Julio Olvera', NULL, 1, 'Transferencia', '1.00', '1275.00', 'I', 3, '2025-09-01 21:54:24'),
(986, '2025-05-26', 'Mensualidad clase Batería G Elian Matias Ayala Vaca', 'Irwin Hernandez', NULL, 1, 'Transferencia', '1.00', '1275.00', 'I', 3, '2025-09-01 21:54:24'),
(987, '2025-05-26', 'Mensualidad clase Guitarra G Gerardo Alexis Ayala Castillo', 'Irwin Hernandez', NULL, 1, 'TPV', '1.00', '1275.00', 'I', 3, '2025-09-01 21:54:24'),
(988, '2025-05-27', '2x Micro SD Cards Lexar', 'Marco Delgado', NULL, 2, 'TDC', '3.00', '430.03', 'G', 1, '2025-09-01 21:54:24'),
(989, '2025-05-27', 'Renta Local', 'Escuela', NULL, 1, 'Transferencia', '1.00', '11560.00', 'G', 4, '2025-09-01 21:54:24'),
(990, '2025-05-27', 'Limpieza 24-May', 'Escuela', NULL, 1, 'Transferencia', '1.00', '400.00', 'G', 4, '2025-09-01 21:54:24'),
(991, '2025-05-27', 'Mensualidad clase Guitarra G Mario Andrés Alpízar Venegas', 'Irwin Hernandez', NULL, 1, 'TPV', '1.00', '1350.00', 'I', 3, '2025-09-01 21:54:24'),
(992, '2025-05-28', 'Mensualidad clase Guitarra G Axel Adrian Hernandez Martinez', 'Hugo Vazquez', NULL, 1, 'TPV', '1.00', '1350.00', 'I', 3, '2025-09-01 21:54:24'),
(993, '2025-05-28', 'Mensualidad clase Guitarra G Oscar Godinez Martinez', 'Irwin Hernandez', NULL, 1, 'TPV', '1.00', '1350.00', 'I', 3, '2025-09-01 21:54:24'),
(994, '2025-05-28', 'Mensualidad clase Canto G Carlos Alejandro Maya Rodriguez', 'Nahomy Perez', NULL, 1, 'TPV', '2.00', '1275.00', 'I', 3, '2025-09-01 21:54:24'),
(995, '2025-05-28', 'Mensualidad clase Canto G David Alejandro Allende Avila', 'Nahomy Perez', NULL, 1, 'TPV', '1.00', '1350.00', 'I', 3, '2025-09-01 21:54:24'),
(996, '2025-05-30', 'Mensualidad clase Guitarra G Romina Rojas Aviles', 'Irwin Hernandez', NULL, 1, 'TPV', '1.00', '1275.00', 'I', 3, '2025-09-01 21:54:24'),
(997, '2025-05-30', 'Mensualidad clase Batería G Axel Emiliano Rojas Aviles', 'Demian Andrade', NULL, 1, 'TPV', '1.00', '1275.00', 'I', 3, '2025-09-01 21:54:24'),
(998, '2025-05-31', 'Clases de Batería Demian Andrade', 'Escuela', NULL, 1, 'Transferencia', '1.00', '800.00', 'G', 4, '2025-09-01 21:54:24'),
(999, '2025-05-31', 'Clases de Bajo Luis Blanquet', 'Escuela', NULL, 1, 'Transferencia', '1.00', '800.00', 'G', 4, '2025-09-01 21:54:24'),
(1000, '2025-05-31', 'Clases de Teclado Manuel Reyes', 'Escuela', NULL, 1, 'Transferencia', '1.00', '880.00', 'G', 4, '2025-09-01 21:54:24'),
(1001, '2025-05-31', 'Clases de Guitarra Irwin Hernandez', 'Escuela', NULL, 1, 'Transferencia', '1.00', '5300.00', 'G', 4, '2025-09-01 21:54:24'),
(1002, '2025-05-31', 'Clases de Canto Nahomy Perez', 'Escuela', NULL, 1, 'Transferencia', '1.00', '2000.00', 'G', 4, '2025-09-01 21:54:24'),
(1003, '2025-05-31', 'Clases de Batería Julio Olvera', 'Escuela', NULL, 1, 'Transferencia', '1.00', '5100.00', 'G', 4, '2025-09-01 21:54:24'),
(1004, '2025-05-31', 'Clases de Guitarra Hugo Vazquez', 'Escuela', NULL, 1, 'Efectivo', '1.00', '1200.00', 'G', 4, '2025-09-01 21:54:24'),
(1005, '2025-05-31', 'Comisiones TPV', 'Escuela', NULL, 1, 'Transferencia', '1.00', '2313.32', 'G', 4, '2025-09-01 21:54:24'),
(1006, '2025-05-31', 'Quincena Santiago', 'Escuela', NULL, 1, 'Efectivo', '1.00', '2250.00', 'G', 4, '2025-09-01 21:54:24'),
(1007, '2025-05-31', 'Marketing Emiliano Rosas', 'Antonio Razo', NULL, 1, 'Transferencia', '1.00', '2500.00', 'G', 2, '2025-09-01 21:54:24'),
(1008, '2025-05-31', 'Mensualidad clase Teclado G Maria de Lourdes Galindo Becerra', 'Manuel Reyes', NULL, 1, 'Efectivo', '1.00', '1275.00', 'I', 3, '2025-09-01 21:54:24'),
(1009, '2025-05-31', 'Mensualidad clase Teclado G Sofia Patiño Gonzalez', 'Manuel Reyes', NULL, 1, 'Efectivo', '1.00', '1275.00', 'I', 3, '2025-09-01 21:54:24'),
(1010, '2025-06-01', 'Mensualidad clase Teclado G Luis Erik Arias Ayala', 'Manuel Reyes', NULL, 1, 'TPV', '1.00', '1500.00', 'I', 3, '2025-09-01 21:54:24'),
(1011, '2025-06-02', 'Mensualidad clase Batería G Ares Maximiliano Gonzalez', 'Demian Andrade', NULL, 1, 'TPV', '1.00', '1275.00', 'I', 3, '2025-09-01 21:54:24'),
(1012, '2025-06-02', 'Mensualidad clase Teclado G Mateo Gonzalez', 'Manuel Reyes', NULL, 1, 'TPV', '1.00', '1275.00', 'I', 3, '2025-09-01 21:54:24'),
(1013, '2025-06-04', 'Mensualidad clase Batería G Fanny Ieraldini Guitierrez Jasso', 'Julio Olvera', NULL, 1, 'Transferencia', '1.00', '1350.00', 'I', 3, '2025-09-01 21:54:24'),
(1014, '2025-06-04', 'Mensualidad clase Batería I Rebeca Guadalupe Juarez Vergara', 'Julio Olvera', NULL, 1, 'TPV', '1.00', '1800.00', 'I', 3, '2025-09-01 21:54:24'),
(1015, '2025-06-04', 'Mensualidad clase Batería G Aidan Crosby Lobo', 'Julio Olvera', NULL, 1, 'TPV', '1.00', '1350.00', 'I', 3, '2025-09-01 21:54:24'),
(1016, '2025-06-04', 'Mensualidad clase Guitarra G Manuel Santiago Mendoza', 'Irwin Hernandez', NULL, 1, 'TPV', '1.00', '1350.00', 'I', 3, '2025-09-01 21:54:24'),
(1017, '2025-06-04', 'Mensualidad clase Guitarra G Iktan Nezzo Buendía Ramírez', 'Irwin Hernandez', NULL, 1, 'TPV', '1.00', '1350.00', 'I', 3, '2025-09-01 21:54:24'),
(1018, '2025-06-05', 'Mensualidad clase Guitarra G Leonardo Arturo Gomez Lopez', 'Irwin Hernandez', NULL, 1, 'TPV', '1.00', '1350.00', 'I', 3, '2025-09-01 21:54:24'),
(1019, '2025-06-05', 'Mensualidad clase Canto G Luis Alberto Guizar Garcia', 'Nahomy Perez', NULL, 1, 'TPV', '1.00', '1350.00', 'I', 3, '2025-09-01 21:54:24'),
(1020, '2025-06-05', 'Mensualidad clase Batería G Luciano Gastelum Crosby', 'Julio Olvera', NULL, 1, 'TPV', '1.00', '1350.00', 'I', 3, '2025-09-01 21:54:24'),
(1021, '2025-06-08', 'Mensualidad clase Guitarra G Marty Isabela Alcaraz', 'Irwin Hernandez', NULL, 1, 'Efectivo', '1.00', '1350.00', 'I', 3, '2025-09-01 21:54:24'),
(1022, '2025-06-09', 'Mensualidad clase Guitarra I Alan Mateo Gomez Juarez', 'Irwin Hernandez', NULL, 1, 'TPV', '1.00', '1800.00', 'I', 3, '2025-09-01 21:54:24'),
(1023, '2025-06-10', 'Limpieza 07-Jun', 'Escuela', NULL, 1, 'Transferencia', '1.00', '400.00', 'G', 4, '2025-09-01 21:54:24'),
(1024, '2025-06-11', 'Mensualidad clase Batería G Sergio Hector Rivera Trejo', 'Julio Olvera', NULL, 1, 'Transferencia', '1.00', '1350.00', 'I', 3, '2025-09-01 21:54:24'),
(1025, '2025-06-12', 'Mensualidad clase Batería G Santiago Bustamante', 'Demian Andrade', NULL, 1, 'TPV', '1.00', '1350.00', 'I', 3, '2025-09-01 21:54:24'),
(1026, '2025-06-13', 'Mensualidad clase Bajo G Alexis Cordova', 'Luis Blanquet', NULL, 1, 'TPV', '1.00', '1350.00', 'I', 3, '2025-09-01 21:54:24'),
(1027, '2025-06-15', 'Mensualidad clase Guitarra G Eitan Peña Gonzalez', 'Irwin Hernandez', NULL, 1, 'Transferencia', '1.00', '1350.00', 'I', 3, '2025-09-01 21:54:24'),
(1028, '2025-06-15', 'Mensualidad clase Guitarra G Andrés Daza Flores', 'Irwin Hernandez', NULL, 1, 'Efectivo', '1.00', '1350.00', 'I', 3, '2025-09-01 21:54:24'),
(1029, '2025-06-16', 'Quincena Santiago', 'Escuela', NULL, 1, 'Transferencia', '1.00', '2250.00', 'G', 4, '2025-09-01 21:54:24'),
(1030, '2025-06-16', 'Limpieza 14-Jun', 'Escuela', NULL, 1, 'Transferencia', '1.00', '400.00', 'G', 4, '2025-09-01 21:54:24'),
(1031, '2025-06-17', 'Mensualidad clase Batería G Felix Santamaría Peña', 'Julio Olvera', NULL, 1, 'TPV', '1.00', '1350.00', 'I', 3, '2025-09-01 21:54:24'),
(1032, '2025-06-17', 'Mensualidad clase Batería G Santiago Rosas Estrada', 'Julio Olvera', NULL, 1, 'Becado', '1.00', '0.00', 'I', 3, '2025-09-01 21:54:24'),
(1033, '2025-06-19', 'Mensualidad clase Batería G Diego Alonso Grajeda', 'Julio Olvera', NULL, 1, 'Transferencia', '2.00', '1275.00', 'I', 3, '2025-09-01 21:54:24'),
(1034, '2025-06-19', 'Mensualidad clase Canto G Itzel Ameyalli Lechuga Valero', 'Nahomy Perez', NULL, 1, 'TPV', '1.00', '1350.00', 'I', 3, '2025-09-01 21:54:24'),
(1035, '2025-06-20', 'Mensualidad clase Guitarra G Guadalupe Donaji Arellano Ramirez', 'Hugo Vazquez', NULL, 1, 'TPV', '1.00', '1275.00', 'I', 3, '2025-09-01 21:54:24'),
(1036, '2025-06-20', 'Mensualidad clase Batería G Arath Martinez Gomez', 'Demian Andrade', NULL, 1, 'TPV', '1.00', '1350.00', 'I', 3, '2025-09-01 21:54:24'),
(1037, '2025-06-20', 'Mensualidad clase Batería G Gerardo Tadeo Yépez Padilla', 'Julio Olvera', NULL, 1, 'TPV', '1.00', '1350.00', 'I', 3, '2025-09-01 21:54:24'),
(1038, '2025-06-21', 'Mensualidad clase Guitarra G Mariana Diaz Garcia', 'Irwin Hernandez', NULL, 1, 'TPV', '1.00', '1350.00', 'I', 3, '2025-09-01 21:54:24'),
(1039, '2025-06-21', 'Total Play', 'Escuela', NULL, 1, 'Transferencia', '1.00', '620.00', 'G', 4, '2025-09-01 21:54:24'),
(1040, '2025-06-21', 'Mensualidad clase Guitarra G Cesar Augusto Ancona Tellez', 'Irwin Hernandez', NULL, 1, 'TPV', '1.00', '1350.00', 'I', 3, '2025-09-01 21:54:24');
INSERT INTO `transacciones` (`id`, `fecha`, `concepto`, `socio`, `cliente_id`, `empresa_id`, `forma_pago`, `cantidad`, `precio_unitario`, `tipo`, `created_by`, `created_at`) VALUES
(1041, '2025-06-21', 'Mensualidad clase Canto G Cristopher Eduardo Lopez Guzman', 'Nahomy Perez', NULL, 1, 'TPV', '1.00', '1350.00', 'I', 3, '2025-09-01 21:54:24'),
(1042, '2025-06-23', 'Renta Local', 'Escuela', NULL, 1, 'Transferencia', '1.00', '11560.00', 'G', 4, '2025-09-01 21:54:24'),
(1043, '2025-06-23', 'Mensualidad clase Guitarra G Edwin Kevin Salazar Saenz', 'Irwin Hernandez', NULL, 1, 'Efectivo', '1.00', '1350.00', 'I', 3, '2025-09-01 21:54:24'),
(1044, '2025-06-24', 'Limpieza 21-Jun', 'Escuela', NULL, 1, 'Transferencia', '1.00', '400.00', 'G', 4, '2025-09-01 21:54:24'),
(1045, '2025-06-24', 'Cables XLR', 'Escuela', NULL, 1, 'Efectivo', '8.00', '400.00', 'G', 4, '2025-09-01 21:54:24'),
(1046, '2025-06-24', 'Plumones', 'Escuela', NULL, 1, 'Efectivo', '1.00', '200.00', 'G', 4, '2025-09-01 21:54:24'),
(1047, '2025-06-25', 'Mensualidad clase Bajo G Luis Tadeo Diaz Servín', 'Luis Blanquet', NULL, 1, 'Efectivo', '1.00', '1350.00', 'I', 3, '2025-09-01 21:54:24'),
(1048, '2025-06-25', 'Mensualidad clase Teclado G Luna Daniela Flores Alvarez', 'Manuel Reyes', NULL, 1, 'TPV', '1.00', '1275.00', 'I', 3, '2025-09-01 21:54:24'),
(1049, '2025-06-25', 'Mensualidad clase Guitarra G Max Flores Alvarez', 'Irwin Hernandez', NULL, 1, 'TPV', '1.00', '1275.00', 'I', 3, '2025-09-01 21:54:24'),
(1050, '2025-06-26', 'Mensualidad clase Guitarra G Leonardo Saul Ayala Vaca', 'Julio Olvera', NULL, 1, 'Transferencia', '1.00', '1275.00', 'I', 3, '2025-09-01 21:54:24'),
(1051, '2025-06-26', 'Mensualidad clase Batería G Elian Matias Ayala Vaca', 'Irwin Hernandez', NULL, 1, 'Transferencia', '1.00', '1275.00', 'I', 3, '2025-09-01 21:54:24'),
(1052, '2025-06-26', 'Mensualidad clase Guitarra G Gerardo Alexis Ayala Castillo', 'Irwin Hernandez', NULL, 1, 'TPV', '1.00', '1275.00', 'I', 3, '2025-09-01 21:54:24'),
(1053, '2025-06-27', 'Mensualidad clase Guitarra G Mario Andrés Alpízar Venegas', 'Irwin Hernandez', NULL, 1, 'TPV', '1.00', '1350.00', 'I', 3, '2025-09-01 21:54:24'),
(1054, '2025-06-27', 'Mensualidad clase Batería G Abril Torreas Jimenez', 'Demian Andrade', NULL, 1, 'TPV', '1.00', '1275.00', 'I', 3, '2025-09-01 21:54:24'),
(1055, '2025-06-27', 'Mensualidad clase Teclado G Aileen Muñoa', 'Manuel Reyes', NULL, 1, 'TPV', '1.00', '1275.00', 'I', 3, '2025-09-01 21:54:24'),
(1056, '2025-06-28', 'Mensualidad clase Guitarra G Axel Adrian Hernandez Martinez', 'Hugo Vazquez', NULL, 1, 'TPV', '1.00', '1350.00', 'I', 3, '2025-09-01 21:54:24'),
(1057, '2025-06-28', 'Mensualidad clase Guitarra G Oscar Godinez Martinez', 'Irwin Hernandez', NULL, 1, 'TPV', '1.00', '1350.00', 'I', 3, '2025-09-01 21:54:24'),
(1058, '2025-06-28', 'Mensualidad clase Canto G Carlos Alejandro Maya Rodriguez', 'Nahomy Perez', NULL, 1, 'TPV', '2.00', '1275.00', 'I', 3, '2025-09-01 21:54:24'),
(1059, '2025-06-28', 'Mensualidad clase Canto G David Alejandro Allende Avila', 'Nahomy Perez', NULL, 1, 'TPV', '1.00', '1350.00', 'I', 3, '2025-09-01 21:54:24'),
(1060, '2025-06-30', 'Mantenimiento de Junio y Julio', 'Escuela', NULL, 1, 'Efectivo', '2.00', '762.00', 'G', 4, '2025-09-01 21:54:24'),
(1061, '2025-06-30', 'Papel Higienico', 'Escuela', NULL, 1, 'Efectivo', '2.00', '39.00', 'G', 4, '2025-09-01 21:54:24'),
(1062, '2025-06-30', '25 Juegos de Inscripción', 'Escuela', NULL, 1, 'Efectivo', '1.00', '31.00', 'G', 4, '2025-09-01 21:54:24'),
(1063, '2025-06-30', 'Corrector de cinta', 'Escuela', NULL, 1, 'Efectivo', '1.00', '31.00', 'G', 4, '2025-09-01 21:54:24'),
(1064, '2025-06-30', 'Comisiones TPV', 'Escuela', NULL, 1, 'Transferencia', '1.00', '2875.64', 'G', 4, '2025-09-01 21:54:24'),
(1065, '2025-06-30', 'Quincena Santiago', 'Escuela', NULL, 1, 'Efectivo', '1.00', '2250.00', 'G', 4, '2025-09-01 21:54:24'),
(1066, '2025-06-30', 'Clases de Guitarra Hugo Vazquez', 'Escuela', NULL, 1, 'Transferencia', '1.00', '800.00', 'G', 4, '2025-09-01 21:54:24'),
(1067, '2025-06-30', 'Clases de Teclado Manuel Reyes', 'Escuela', NULL, 1, 'Transferencia', '1.00', '2400.00', 'G', 4, '2025-09-01 21:54:24'),
(1068, '2025-06-30', 'Clases de Guitarra Irwin Hernandez', 'Escuela', NULL, 1, 'Transferencia', '1.00', '6980.00', 'G', 4, '2025-09-01 21:54:24'),
(1069, '2025-06-30', 'Clases de Bajo Luis Blanquet', 'Escuela', NULL, 1, 'Transferencia', '1.00', '800.00', 'G', 4, '2025-09-01 21:54:24'),
(1070, '2025-06-30', 'Clases de Batería Demian Andrade', 'Escuela', NULL, 1, 'Transferencia', '1.00', '2080.00', 'G', 4, '2025-09-01 21:54:24'),
(1071, '2025-06-30', 'Marketing Emiliano Rosas', 'Escuela', NULL, 1, 'Transferencia', '1.00', '2500.00', 'G', 4, '2025-09-01 21:54:24'),
(1072, '2025-06-30', 'Clases de Batería Julio Olvera', 'Escuela', NULL, 1, 'Transferencia', '1.00', '4860.00', 'G', 4, '2025-09-01 21:54:24'),
(1073, '2025-06-30', 'Clases de Canto Nahomy Perez', 'Escuela', NULL, 1, 'Efectivo', '1.00', '2640.00', 'G', 4, '2025-09-01 21:54:24'),
(1074, '2025-06-30', 'Mensualidad clase Teclado G Maria de Lourdes Galindo Becerra', 'Manuel Reyes', NULL, 1, 'Efectivo', '1.00', '1275.00', 'I', 3, '2025-09-01 21:54:24'),
(1075, '2025-06-30', 'Mensualidad clase Teclado G Sofia Patiño Gonzalez', 'Manuel Reyes', NULL, 1, 'Efectivo', '1.00', '1275.00', 'I', 3, '2025-09-01 21:54:24'),
(1076, '2025-06-30', 'Mensualidad clase Guitarra G Romina Rojas Aviles', 'Irwin Hernandez', NULL, 1, 'TPV', '1.00', '1275.00', 'I', 3, '2025-09-01 21:54:24'),
(1077, '2025-06-30', 'Mensualidad clase Batería G Axel Emiliano Rojas Aviles', 'Demian Andrade', NULL, 1, 'TPV', '1.00', '1275.00', 'I', 3, '2025-09-01 21:54:24'),
(1078, '2025-06-30', 'Mensualidad clase Guitarra G Veronica Ramirez Ruano', 'Hugo Vazquez', NULL, 1, 'TPV', '1.00', '1275.00', 'I', 3, '2025-09-01 21:54:24'),
(1079, '2025-07-01', 'Mensualidad clase Teclado G Luis Erik Arias Ayala', 'Manuel Reyes', NULL, 1, 'TPV', '1.00', '1500.00', 'I', 3, '2025-09-01 21:54:24'),
(1080, '2025-07-01', 'Limpieza 28-Jun', 'Escuela', NULL, 1, 'Transferencia', '1.00', '400.00', 'G', 4, '2025-09-01 21:54:24'),
(1081, '2025-07-02', 'Mensualidad clase Batería G Ares Maximiliano Gonzalez', 'Demian Andrade', NULL, 1, 'TPV', '1.00', '1275.00', 'I', 3, '2025-09-01 21:54:24'),
(1082, '2025-07-02', 'Mensualidad clase Teclado G Mateo Gonzalez', 'Manuel Reyes', NULL, 1, 'TPV', '1.00', '1275.00', 'I', 3, '2025-09-01 21:54:24'),
(1083, '2025-07-02', 'Mensualidad clase Canto G Joshua Chanampa Villada', 'Nahomy Perez', NULL, 1, 'TPV', '2.00', '1275.00', 'I', 3, '2025-09-01 21:54:24'),
(1084, '2025-07-02', 'Mensualidad clase Guitarra G Joshua Chanampa Villada', 'Nahomy Perez', NULL, 1, 'TPV', '2.00', '1275.00', 'I', 3, '2025-09-01 21:54:24'),
(1085, '2025-07-04', 'Mensualidad clase Batería G Fanny Ieraldini Guitierrez Jasso', 'Julio Olvera', NULL, 1, 'Transferencia', '1.00', '1350.00', 'I', 3, '2025-09-01 21:54:24'),
(1086, '2025-07-04', 'Mensualidad clase Batería I Rebeca Guadalupe Juarez Vergara', 'Julio Olvera', NULL, 1, 'TPV', '1.00', '1800.00', 'I', 3, '2025-09-01 21:54:24'),
(1087, '2025-07-04', 'Mensualidad clase Batería G Aidan Crosby Lobo', 'Julio Olvera', NULL, 1, 'TPV', '1.00', '1350.00', 'I', 3, '2025-09-01 21:54:24'),
(1088, '2025-07-04', 'Mensualidad clase Guitarra G Manuel Santiago Mendoza', 'Irwin Hernandez', NULL, 1, 'TPV', '1.00', '1350.00', 'I', 3, '2025-09-01 21:54:25'),
(1089, '2025-07-05', 'Mensualidad clase Guitarra G Leonardo Arturo Gomez Lopez', 'Irwin Hernandez', NULL, 1, 'TPV', '1.00', '1350.00', 'I', 3, '2025-09-01 21:54:25'),
(1090, '2025-07-05', 'Mensualidad clase Canto G Luis Alberto Guizar Garcia', 'Nahomy Perez', NULL, 1, 'TPV', '1.00', '1350.00', 'I', 3, '2025-09-01 21:54:25'),
(1091, '2025-07-05', 'Mensualidad clase Batería G Luciano Gastelum Crosby', 'Julio Olvera', NULL, 1, 'TPV', '1.00', '1350.00', 'I', 3, '2025-09-01 21:54:25'),
(1092, '2025-07-05', 'Mensualidad clase Canto G Fabricio Tello Hernandez', 'Nahomy Perez', NULL, 1, 'TPV', '1.00', '1350.00', 'I', 3, '2025-09-01 21:54:25'),
(1093, '2025-07-08', 'Limpieza 05-Jul', 'Escuela', NULL, 1, 'Transferencia', '1.00', '400.00', 'G', 4, '2025-09-01 21:54:25'),
(1094, '2025-07-08', 'Mensualidad clase Guitarra G Marty Isabela Alcaraz', 'Irwin Hernandez', NULL, 1, 'Efectivo', '1.00', '1350.00', 'I', 3, '2025-09-01 21:54:25'),
(1095, '2025-07-11', 'Mensualidad clase Batería G Sergio Hector Rivera Trejo', 'Julio Olvera', NULL, 1, 'Transferencia', '1.00', '1350.00', 'I', 3, '2025-09-01 21:54:25'),
(1096, '2025-07-12', 'Meta Ads', 'Escuela', NULL, 1, 'Transferencia', '1.00', '5000.00', 'G', 4, '2025-09-01 21:54:25'),
(1097, '2025-07-12', 'Mensualidad clase Guitarra G Aisee Nuñez Lopez', 'Irwin Hernandez', NULL, 1, 'TPV', '1.00', '1350.00', 'I', 3, '2025-09-01 21:54:25'),
(1098, '2025-07-13', 'Mensualidad clase Bajo G Alexis Cordova', 'Luis Blanquet', NULL, 1, 'TPV', '1.00', '1350.00', 'I', 3, '2025-09-01 21:54:25'),
(1099, '2025-07-15', 'Mensualidad clase Guitarra G Eitan Peña Gonzalez', 'Irwin Hernandez', NULL, 1, 'Transferencia', '1.00', '1350.00', 'I', 3, '2025-09-01 21:54:25'),
(1100, '2025-07-15', 'Mensualidad clase Guitarra G Andrés Daza Flores', 'Irwin Hernandez', NULL, 1, 'Efectivo', '1.00', '1350.00', 'I', 3, '2025-09-01 21:54:25'),
(1101, '2025-07-15', 'Quincena Santiago', 'Escuela', NULL, 1, 'Efectivo', '1.00', '2250.00', 'G', 4, '2025-09-01 21:54:25'),
(1102, '2025-07-16', 'Limpieza 12-Jul', 'Escuela', NULL, 1, 'Transferencia', '1.00', '400.00', 'G', 4, '2025-09-01 21:54:25'),
(1103, '2025-07-16', 'Total Play', 'Escuela', NULL, 1, 'Transferencia', '1.00', '569.99', 'G', 4, '2025-09-01 21:54:25'),
(1104, '2025-07-17', 'Devolución por pago doble Erika Gallegos', 'Escuela', NULL, 1, 'TPV', '1.00', '1350.00', 'G', 4, '2025-09-01 21:54:25'),
(1105, '2025-07-17', 'Mensualidad clase Batería G Felix Santamaría Peña', 'Julio Olvera', NULL, 1, 'TPV', '1.00', '1350.00', 'I', 3, '2025-09-01 21:54:25'),
(1106, '2025-07-17', 'Mensualidad clase Batería G Santiago Rosas Estrada', 'Julio Olvera', NULL, 1, 'Becado', '1.00', '0.00', 'I', 3, '2025-09-01 21:54:25'),
(1107, '2025-07-19', 'Mensualidad clase Batería G Diego Alonso Grajeda', 'Julio Olvera', NULL, 1, 'Transferencia', '2.00', '1275.00', 'I', 3, '2025-09-01 21:54:25'),
(1108, '2025-07-19', 'Mensualidad clase Canto G Itzel Ameyalli Lechuga Valero', 'Nahomy Perez', NULL, 1, 'TPV', '1.00', '1350.00', 'I', 3, '2025-09-01 21:54:25'),
(1109, '2025-07-20', 'Mensualidad clase Guitarra G Guadalupe Donaji Arellano Ramirez', 'Hugo Vazquez', NULL, 1, 'TPV', '1.00', '1275.00', 'I', 3, '2025-09-01 21:54:25'),
(1110, '2025-07-20', 'Mensualidad clase Batería G Arath Martinez Gomez', 'Demian Andrade', NULL, 1, 'TPV', '1.00', '1350.00', 'I', 3, '2025-09-01 21:54:25'),
(1111, '2025-07-20', 'Mensualidad clase Batería G Gerardo Tadeo Yépez Padilla', 'Julio Olvera', NULL, 1, 'TPV', '1.00', '1350.00', 'I', 3, '2025-09-01 21:54:25'),
(1112, '2025-07-21', 'Mensualidad clase Guitarra G Mariana Diaz Garcia', 'Irwin Hernandez', NULL, 1, 'TPV', '1.00', '1350.00', 'I', 3, '2025-09-01 21:54:25'),
(1113, '2025-07-21', 'Mensualidad clase Canto G Cristopher Eduardo Lopez Guzman', 'Nahomy Perez', NULL, 1, 'TPV', '1.00', '1350.00', 'I', 3, '2025-09-01 21:54:25'),
(1114, '2025-07-21', 'Mensualidad clase Guitarra G Alejandro Paris Hernandez Suarez', 'Hugo Vazquez', NULL, 1, 'TPV', '1.00', '1350.00', 'I', 3, '2025-09-01 21:54:25'),
(1115, '2025-07-22', 'Limpieza 19-Jul', 'Escuela', NULL, 1, 'Transferencia', '1.00', '400.00', 'G', 4, '2025-09-01 21:54:25'),
(1116, '2025-07-22', 'Carpeta y hojas', 'Escuela', NULL, 1, 'Efectivo', '1.00', '21.00', 'G', 4, '2025-09-01 21:54:25'),
(1117, '2025-07-23', 'Pago Renta Mes Julio', 'Escuela', NULL, 1, 'Transferencia', '1.00', '11560.00', 'G', 4, '2025-09-01 21:54:25'),
(1118, '2025-07-23', 'Pago Renta Mes Agosto', 'Escuela', NULL, 1, 'Transferencia', '1.00', '11560.00', 'G', 4, '2025-09-01 21:54:25'),
(1119, '2025-07-23', 'Mensualidad clase Guitarra G Edwin Kevin Salazar Saenz', 'Irwin Hernandez', NULL, 1, 'Efectivo', '1.00', '1350.00', 'I', 3, '2025-09-01 21:54:25'),
(1120, '2025-07-23', 'Mensualidad clase Canto G Ayin Michelle Peña Gonzalez', 'Nahomy Perez', NULL, 1, 'Efectivo', '1.00', '1350.00', 'I', 3, '2025-09-01 21:54:25'),
(1121, '2025-07-24', 'Teclado Alesis 88 teclas 480 sonidos MIDI', 'Escuela', NULL, 1, 'Transferencia', '1.00', '3999.00', 'G', 4, '2025-09-01 21:54:25'),
(1122, '2025-07-25', 'Mensualidad clase Bajo G Luis Tadeo Diaz Servín', 'Luis Blanquet', NULL, 1, 'Efectivo', '1.00', '1350.00', 'I', 3, '2025-09-01 21:54:25'),
(1123, '2025-07-25', 'Mensualidad clase Teclado G Luna Daniela Flores Alvarez', 'Manuel Reyes', NULL, 1, 'TPV', '1.00', '1275.00', 'I', 3, '2025-09-01 21:54:25'),
(1124, '2025-07-25', 'Mensualidad clase Guitarra G Max Flores Alvarez', 'Irwin Hernandez', NULL, 1, 'TPV', '1.00', '1275.00', 'I', 3, '2025-09-01 21:54:25'),
(1125, '2025-07-26', 'Mensualidad clase Guitarra G Leonardo Saul Ayala Vaca', 'Julio Olvera', NULL, 1, 'Transferencia', '1.00', '1275.00', 'I', 3, '2025-09-01 21:54:25'),
(1126, '2025-07-26', 'Mensualidad clase Batería G Elian Matias Ayala Vaca', 'Irwin Hernandez', NULL, 1, 'Transferencia', '1.00', '1275.00', 'I', 3, '2025-09-01 21:54:25'),
(1127, '2025-07-26', 'Devolución por pago doble Javier Lechuga', 'Escuela', NULL, 1, 'TPV', '1.00', '1350.00', 'G', 4, '2025-09-01 21:54:25'),
(1128, '2025-07-26', 'Devolución por pago doble Javier Lechuga', 'Escuela', NULL, 1, 'TPV', '1.00', '1350.00', 'G', 4, '2025-09-01 21:54:25'),
(1129, '2025-07-26', 'Mensualidad clase Canto G Xanat Yamil Carmona Jimenez', 'Nahomy Perez', NULL, 1, 'TPV', '1.00', '1350.00', 'I', 3, '2025-09-01 21:54:25'),
(1130, '2025-07-27', 'Mensualidad clase Guitarra G Mario Andrés Alpízar Venegas', 'Irwin Hernandez', NULL, 1, 'TPV', '1.00', '1350.00', 'I', 3, '2025-09-01 21:54:25'),
(1131, '2025-07-27', 'Mensualidad clase Batería G Abril Torreas Jimenez', 'Demian Andrade', NULL, 1, 'TPV', '1.00', '1275.00', 'I', 3, '2025-09-01 21:54:25'),
(1132, '2025-07-27', 'Mensualidad clase Teclado G Aileen Muñoa', 'Manuel Reyes', NULL, 1, 'TPV', '1.00', '1275.00', 'I', 3, '2025-09-01 21:54:25'),
(1133, '2025-07-28', 'Mensualidad clase Guitarra G Axel Adrian Hernandez Martinez', 'Hugo Vazquez', NULL, 1, 'TPV', '1.00', '1350.00', 'I', 3, '2025-09-01 21:54:25'),
(1134, '2025-07-28', 'Mensualidad clase Guitarra G Oscar Godinez Martinez', 'Irwin Hernandez', NULL, 1, 'TPV', '1.00', '1350.00', 'I', 3, '2025-09-01 21:54:25'),
(1135, '2025-07-28', 'Mensualidad clase Canto G Carlos Alejandro Maya Rodriguez', 'Nahomy Perez', NULL, 1, 'TPV', '2.00', '1275.00', 'I', 3, '2025-09-01 21:54:25'),
(1136, '2025-07-28', 'Mensualidad clase Canto G David Alejandro Allende Avila', 'Nahomy Perez', NULL, 1, 'TPV', '1.00', '1350.00', 'I', 3, '2025-09-01 21:54:25'),
(1137, '2025-07-28', 'Mantenimiento Guitarras', 'Escuela', NULL, 1, 'Efectivo', '1.00', '2200.00', 'G', 4, '2025-09-01 21:54:25'),
(1138, '2025-07-28', 'Mensualidad clase Batería G Daniel Yamir Quiroz Dias', 'Demian Andrade', NULL, 1, 'Transferencia', '1.00', '1350.00', 'I', 3, '2025-09-01 21:54:25'),
(1139, '2025-07-29', 'Limpieza 26-Jul', 'Escuela', NULL, 1, 'Transferencia', '1.00', '400.00', 'G', 4, '2025-09-01 21:54:25'),
(1140, '2025-07-29', 'Mensualidad clase Batería G Vanessa Desire Maya Bermudez', 'Julio Olvera', NULL, 1, 'TPV', '1.00', '1350.00', 'I', 3, '2025-09-01 21:54:25'),
(1141, '2025-07-30', 'Devolución por pago doble Veronica Ramirez', 'Escuela', NULL, 1, 'TPV', '1.00', '1350.00', 'G', 4, '2025-09-01 21:54:25'),
(1142, '2025-07-30', 'Mensualidad clase Teclado G Maria de Lourdes Galindo Becerra', 'Manuel Reyes', NULL, 1, 'Efectivo', '1.00', '0.00', 'I', 3, '2025-09-01 21:54:25'),
(1143, '2025-07-30', 'Mensualidad clase Teclado G Sofia Patiño Gonzalez', 'Manuel Reyes', NULL, 1, 'Efectivo', '1.00', '0.00', 'I', 3, '2025-09-01 21:54:25'),
(1144, '2025-07-30', 'Mensualidad clase Guitarra G Romina Rojas Aviles', 'Irwin Hernandez', NULL, 1, 'TPV', '1.00', '0.00', 'I', 3, '2025-09-01 21:54:25'),
(1145, '2025-07-30', 'Mensualidad clase Guitarra G Veronica Ramirez Ruano', 'Hugo Vazquez', NULL, 1, 'TPV', '1.00', '0.00', 'I', 3, '2025-09-01 21:54:25'),
(1146, '2025-07-31', 'Articulos de limpieza', 'Escuela', NULL, 1, 'Efectivo', '1.00', '143.00', 'G', 4, '2025-09-01 21:54:25'),
(1147, '2025-07-31', 'Papel Higienico', 'Escuela', NULL, 1, 'Efectivo', '1.00', '85.00', 'G', 4, '2025-09-01 21:54:25'),
(1148, '2025-07-31', 'Quincena Santiago', 'Escuela', NULL, 1, 'Efectivo', '1.00', '2250.00', 'G', 4, '2025-09-01 21:54:25'),
(1149, '2025-07-31', 'Clase de muestra Teclado', 'Escuela', NULL, 1, 'Transferencia', '4.00', '80.00', 'G', 4, '2025-09-01 21:54:25'),
(1150, '2025-07-31', 'Clase de muestra Guitarra (Irwin)', 'Escuela', NULL, 1, 'Transferencia', '5.00', '80.00', 'G', 4, '2025-09-01 21:54:25'),
(1151, '2025-07-31', 'Clase de muestra Canto', 'Escuela', NULL, 1, 'Transferencia', '1.00', '80.00', 'G', 4, '2025-09-01 21:54:25'),
(1152, '2025-07-31', 'Clase de muestra Bajo', 'Escuela', NULL, 1, 'Transferencia', '1.00', '80.00', 'G', 4, '2025-09-01 21:54:25'),
(1153, '2025-07-31', 'Clases de muestra Bateria (Demian)', 'Escuela', NULL, 1, 'Transferencia', '2.00', '80.00', 'G', 4, '2025-09-01 21:54:25'),
(1154, '2025-07-31', 'Clases de muestra Guitarra (Hugo)', 'Escuela', NULL, 1, 'Transferencia', '2.00', '80.00', 'G', 4, '2025-09-01 21:54:25'),
(1155, '2025-07-31', 'Clases de Teclado Manuel Reyes', 'Escuela', NULL, 1, 'Transferencia', '1.00', '1920.00', 'G', 4, '2025-09-01 21:54:25'),
(1156, '2025-07-31', 'Clases de Guitarra Hugo Vazquez', 'Escuela', NULL, 1, 'Transferencia', '1.00', '1760.00', 'G', 4, '2025-09-01 21:54:25'),
(1157, '2025-07-31', 'Clases de Guitarra Irwin Hernandez', 'Escuela', NULL, 1, 'Transferencia', '1.00', '7700.00', 'G', 4, '2025-09-01 21:54:25'),
(1158, '2025-07-31', 'Clases de Bajo Luis Blanquet', 'Escuela', NULL, 1, 'Transferencia', '1.00', '880.00', 'G', 4, '2025-09-01 21:54:25'),
(1159, '2025-07-31', 'Clases de Canto Nahomy Perez', 'Escuela', NULL, 1, 'Transferencia', '1.00', '4080.00', 'G', 4, '2025-09-01 21:54:25'),
(1160, '2025-07-31', 'Clases de Batería Julio Olvera', 'Escuela', NULL, 1, 'Transferencia', '1.00', '5100.00', 'G', 4, '2025-09-01 21:54:25'),
(1161, '2025-07-31', 'Clases de Bateria Demian Andrade', 'Escuela', NULL, 1, 'Transferencia', '1.00', '2160.00', 'G', 4, '2025-09-01 21:54:25'),
(1162, '2025-07-31', 'Mensualidad clase Batería G Pamela Gutierrez Carrillo', 'Julio Olvera', NULL, 1, 'TPV', '1.00', '1350.00', 'I', 3, '2025-09-01 21:54:25'),
(1163, '2025-08-01', 'Mensualidad clase Teclado G Luis Erik Arias Ayala', 'Manuel Reyes', NULL, 1, 'TPV', '1.00', '1500.00', 'I', 3, '2025-09-01 21:54:25'),
(1164, '2025-08-02', 'Mensualidad clase Canto G Joshua Chanampa Villada', 'Nahomy Perez', NULL, 1, 'TPV', '1.00', '0.00', 'I', 3, '2025-09-01 21:54:25'),
(1165, '2025-08-02', 'Mensualidad clase Guitarra G Joshua Chanampa Villada', 'Nahomy Perez', NULL, 1, 'TPV', '1.00', '0.00', 'I', 3, '2025-09-01 21:54:25'),
(1166, '2025-08-04', 'Mensualidad clase Batería G Fanny Ieraldini Guitierrez Jasso', 'Julio Olvera', NULL, 1, 'Transferencia', '1.00', '1350.00', 'I', 3, '2025-09-01 21:54:25'),
(1167, '2025-08-04', 'Mensualidad clase Guitarra G Manuel Santiago Mendoza', 'Irwin Hernandez', NULL, 1, 'TPV', '1.00', '1350.00', 'I', 3, '2025-09-01 21:54:25'),
(1168, '2025-08-04', 'Mensualidad clase Teclado G Arianne Nahomy Rodriguez Grajeda', 'Manuel Reyes', NULL, 1, 'TPV', '2.00', '1275.00', 'I', 3, '2025-09-01 21:54:25'),
(1169, '2025-08-05', 'Mensualidad clase Guitarra G Leonardo Arturo Gomez Lopez', 'Irwin Hernandez', NULL, 1, 'TPV', '1.00', '1350.00', 'I', 3, '2025-09-01 21:54:25'),
(1170, '2025-08-05', 'Mensualidad clase Canto G Luis Alberto Guizar Garcia', 'Nahomy Perez', NULL, 1, 'TPV', '1.00', '1350.00', 'I', 3, '2025-09-01 21:54:25'),
(1171, '2025-08-05', 'Mensualidad clase Batería G Luciano Gastelum Crosby', 'Julio Olvera', NULL, 1, 'TPV', '1.00', '1350.00', 'I', 3, '2025-09-01 21:54:25'),
(1172, '2025-08-05', 'Mensualidad clase Canto G Fabricio Tello Hernandez - Baja Temporal Agosto', 'Nahomy Perez', NULL, 1, 'TPV', '1.00', '0.01', 'I', 3, '2025-09-01 21:54:25'),
(1173, '2025-08-08', 'Mensualidad clase Guitarra G Marty Isabela Alcaraz', 'Irwin Hernandez', NULL, 1, 'Efectivo', '1.00', '1350.00', 'I', 3, '2025-09-01 21:54:25'),
(1174, '2025-08-11', 'Mensualidad clase Batería G Sergio Hector Rivera Trejo', 'Julio Olvera', NULL, 1, 'Transferencia', '1.00', '1350.00', 'I', 3, '2025-09-01 21:54:25'),
(1175, '2025-08-12', 'CTIM-3 Huella Estructural', 'Marco Delgado', NULL, 2, 'Transferencia', '1.00', '37200.00', 'I', 1, '2025-09-01 21:54:25'),
(1176, '2025-08-12', 'Mensualidad clase Guitarra G Aisee Nuñez Lopez', 'Irwin Hernandez', NULL, 1, 'TPV', '1.00', '1350.00', 'I', 3, '2025-09-01 21:54:25'),
(1177, '2025-08-13', 'Mensualidad clase Bajo G Alexis Cordova', 'Luis Blanquet', NULL, 1, 'TPV', '1.00', '1350.00', 'I', 3, '2025-09-01 21:54:25'),
(1178, '2025-08-15', 'Mensualidad clase Guitarra G Andrés Daza Flores', 'Irwin Hernandez', NULL, 1, 'Efectivo', '1.00', '1350.00', 'I', 3, '2025-09-01 21:54:25'),
(1179, '2025-08-17', 'Mensualidad clase Batería G Felix Santamaría Peña', 'Julio Olvera', NULL, 1, 'TPV', '1.00', '1350.00', 'I', 3, '2025-09-01 21:54:25'),
(1180, '2025-08-17', 'Mensualidad clase Batería G Santiago Rosas Estrada', 'Julio Olvera', NULL, 1, 'Becado', '1.00', '0.00', 'I', 3, '2025-09-01 21:54:25'),
(1181, '2025-08-18', 'JLCPCB Manufacturing - Versión 4 del Prototipo', 'Marco Delgado', NULL, 2, 'TDC', '5.00', '3195.42', 'G', 1, '2025-09-01 21:54:25'),
(1182, '2025-08-18', 'Caja de plastico ABS impermeable 200-120-75 with ears blanca', 'Marco Delgado', NULL, 2, 'TDC', '10.00', '297.31', 'G', 1, '2025-09-01 21:54:25'),
(1183, '2025-08-18', 'Conectores DC IP68', 'Marco Delgado', NULL, 2, 'TDC', '10.00', '60.75', 'G', 1, '2025-09-01 21:54:25'),
(1184, '2025-08-18', 'Conectores Ethernet IP68', 'Marco Delgado', NULL, 2, 'TDC', '10.00', '81.04', 'G', 1, '2025-09-01 21:54:25'),
(1185, '2025-08-18', 'Mantenimiento mezcladora Yamaha', 'Escuela', NULL, 1, 'Transferencia', '1.00', '2150.00', 'G', 4, '2025-09-01 21:54:25'),
(1186, '2025-08-19', 'Mensualidad clase Batería G Diego Alonso Grajeda', 'Julio Olvera', NULL, 1, 'Transferencia', '2.00', '1275.00', 'I', 3, '2025-09-01 21:54:25'),
(1187, '2025-08-19', 'Mensualidad clase Canto G Itzel Ameyalli Lechuga Valero', 'Nahomy Perez', NULL, 1, 'TPV', '1.00', '1350.00', 'I', 3, '2025-09-01 21:54:25'),
(1188, '2025-08-19', '20 baterias 18650', 'Marco Delgado', NULL, 2, 'TDC', '2.00', '2899.00', 'G', 1, '2025-09-01 21:54:25'),
(1189, '2025-08-19', 'Kit de 10 memorias MicroSD 32GB Adata', 'Marco Delgado', NULL, 2, 'TDC', '1.00', '599.00', 'G', 1, '2025-09-01 21:54:25'),
(1190, '2025-08-19', '25 Etiquetas CTIM-3 metalizadas Creatify', 'Marco Delgado', NULL, 2, 'TDC', '1.00', '1608.35', 'G', 1, '2025-09-01 21:54:25'),
(1191, '2025-08-19', 'Power Supply 9V 4A Verifone', 'Marco Delgado', NULL, 2, 'TDC', '10.00', '248.79', 'G', 1, '2025-09-01 21:54:25'),
(1192, '2025-08-19', 'Camara de seguridad WiFi Foco HD Nocturna', 'Escuela', NULL, 1, 'Transferencia', '1.00', '447.44', 'G', 4, '2025-09-01 21:54:25'),
(1193, '2025-08-20', 'Mensualidad clase Batería G Arath Martinez Gomez', 'Demian Andrade', NULL, 1, 'TPV', '1.00', '1350.00', 'I', 3, '2025-09-01 21:54:25'),
(1194, '2025-08-20', 'Mensualidad clase Batería G Gerardo Tadeo Yépez Padilla', 'Julio Olvera', NULL, 1, 'TPV', '1.00', '1350.00', 'I', 3, '2025-09-01 21:54:25'),
(1195, '2025-08-20', 'Envío UPS CN MX', 'Marco Delgado', NULL, 2, 'TDC', '1.00', '3756.80', 'G', 1, '2025-09-01 21:54:25'),
(1196, '2025-08-21', 'Mensualidad clase Canto G Cristopher Eduardo Lopez Guzman', 'Nahomy Perez', NULL, 1, 'TPV', '1.00', '1350.00', 'I', 3, '2025-09-01 21:54:25'),
(1197, '2025-08-21', 'Mensualidad clase Guitarra G Alejandro Paris Hernandez Suarez', 'Hugo Vazquez', NULL, 1, 'TPV', '1.00', '1350.00', 'I', 3, '2025-09-01 21:54:25'),
(1198, '2025-09-02', 'Mensualidad clase Guitarra G Edwin Kevin Salazar Saenz', 'Irwin Hernandez', NULL, 1, 'Efectivo', '1.00', '1350.00', 'I', 3, '2025-09-01 21:54:25'),
(1199, '2025-08-23', 'Mensualidad clase Canto G Ayin Michelle Peña Gonzalez - Baja temporal', 'Nahomy Perez', NULL, 1, 'Efectivo', '1.00', '0.01', 'I', 3, '2025-09-01 21:54:25'),
(1200, '2025-08-25', 'Mensualidad clase Bajo G Luis Tadeo Diaz Servín', 'Luis Blanquet', NULL, 1, 'Efectivo', '1.00', '1350.00', 'I', 3, '2025-09-01 21:54:25'),
(1201, '2025-08-25', 'Mensualidad clase Teclado G Montserrat Paulina Talavera Huarcacha', 'Harim Lopez', NULL, 1, 'Transferencia', '2.00', '1275.00', 'I', 3, '2025-09-01 21:54:25'),
(1202, '2025-08-27', 'Mensualidad clase Guitarra G Leonardo Saul Ayala Vaca', 'Julio Olvera', NULL, 1, 'Transferencia', '1.00', '1275.00', 'I', 3, '2025-09-01 21:54:25'),
(1203, '2025-08-27', 'Mensualidad clase Batería G Elian Matias Ayala Vaca', 'Irwin Hernandez', NULL, 1, 'Transferencia', '1.00', '1275.00', 'I', 3, '2025-09-01 21:54:25'),
(1204, '2025-09-02', 'Mensualidad clase Canto G Xanat Yamil Carmona Jimenez, Cta 3888', 'Nahomy Perez', NULL, 1, 'Transferencia', '1.00', '1350.00', 'I', 3, '2025-09-01 21:54:25'),
(1205, '2025-08-27', 'Mensualidad clase Guitarra G Mario Andrés Alpízar Venegas', 'Irwin Hernandez', NULL, 1, 'TPV', '1.00', '1350.00', 'I', 3, '2025-09-01 21:54:25'),
(1206, '2025-08-29', 'Mensualidad clase Batería G Abril Torreas Jimenez', 'Demian Andrade', NULL, 1, 'TPV', '1.00', '1275.00', 'I', 3, '2025-09-01 21:54:25'),
(1207, '2025-08-29', 'Mensualidad clase Teclado G Aileen Muñoa', 'Manuel Reyes', NULL, 1, 'TPV', '1.00', '1275.00', 'I', 3, '2025-09-01 21:54:25'),
(1208, '2025-08-28', 'Mensualidad clase Guitarra G Axel Adrian Hernandez Martinez', 'Hugo Vazquez', NULL, 1, 'TPV', '1.00', '1350.00', 'I', 3, '2025-09-01 21:54:25'),
(1209, '2025-08-28', 'Mensualidad clase Guitarra G Oscar Godinez Martinez', 'Irwin Hernandez', NULL, 1, 'TPV', '1.00', '1350.00', 'I', 3, '2025-09-01 21:54:25'),
(1210, '2025-08-28', 'Mensualidad clase Batería G Daniel Yamir Quiroz Dias', 'Demian Andrade', NULL, 1, 'Transferencia', '1.00', '1350.00', 'I', 3, '2025-09-01 21:54:25'),
(1211, '2025-08-29', 'Mensualidad clase Batería G Vanessa Desire Maya Bermudez', 'Julio Olvera', NULL, 1, 'TPV', '1.00', '1350.00', 'I', 3, '2025-09-01 21:54:25'),
(1212, '2025-08-30', 'Mensualidad clase Guitarra G Veronica Ramirez Ruano', 'Hugo Vazquez', NULL, 1, 'TPV', '1.00', '1275.00', 'I', 3, '2025-09-01 21:54:25'),
(1213, '2025-08-31', 'Mensualidad clase Batería G Pamela Gutierrez Carrillo', 'Julio Olvera', NULL, 1, 'TPV', '1.00', '0.01', 'I', 3, '2025-09-01 21:54:25'),
(1216, '2025-07-23', 'Mensualidad clase Guitarra I Alan Mateo Gomez Juarez (Martha Patricia Juarez Vergara)', 'Marco Delgado', NULL, 1, 'Transferencia', '1.00', '1800.00', 'I', 1, '2025-09-03 02:39:21'),
(1217, '2025-08-13', 'Mensualidad clase Guitarra I Alan Mateo Gomez Juarez', 'Marco Delgado', NULL, 1, 'Transferencia', '1.00', '1800.00', 'I', 1, '2025-09-03 02:41:22'),
(1218, '2025-08-24', 'Mensualidad clase Guitarra G Mariana Diaz Garcia', 'Marco Delgado', NULL, 1, 'TPV', '1.00', '1350.00', 'I', 1, '2025-09-03 02:47:34'),
(1219, '2025-08-30', 'Limpieza 30-Ago', 'Marco Delgado', NULL, 1, 'Transferencia', '1.00', '400.00', 'G', 1, '2025-09-04 06:24:30');

-- --------------------------------------------------------

--
-- Estructura de tabla para la tabla `usuarios`
--

CREATE TABLE `usuarios` (
  `id` int(11) NOT NULL,
  `nombre` varchar(100) NOT NULL,
  `email` varchar(100) NOT NULL,
  `password_hash` varchar(255) NOT NULL,
  `rol` enum('admin','user') NOT NULL DEFAULT 'user',
  `empresa` varchar(50) NOT NULL,
  `activo` tinyint(1) DEFAULT '1',
  `created_at` timestamp NULL DEFAULT CURRENT_TIMESTAMP,
  `updated_at` timestamp NULL DEFAULT CURRENT_TIMESTAMP ON UPDATE CURRENT_TIMESTAMP
) ENGINE=InnoDB DEFAULT CHARSET=utf8mb4 COLLATE=utf8mb4_0900_ai_ci;

--
-- Volcado de datos para la tabla `usuarios`
--

INSERT INTO `usuarios` (`id`, `nombre`, `email`, `password_hash`, `rol`, `empresa`, `activo`, `created_at`) VALUES
(1, 'Marco Delgado', 'marco.delgado@symbiot.com.mx', '$2b$10$uPIuj/iZbfazhRb.rHlece5kZafSd0q4PQTxdDrN6w2b8iw6jYD7C', 'admin', 'Symbiot Technologies', 1, '2025-09-01 21:54:17'),
(2, 'Antonio Razo', 'antonio.razo@symbiot.com.mx', '$2b$10$uPIuj/iZbfazhRb.rHlece5kZafSd0q4PQTxdDrN6w2b8iw6jYD7C', 'admin', 'Symbiot Technologies', 1, '2025-09-01 21:54:17'),
(3, 'Hugo Vazquez', 'hugo.vazquez@rockstarskull.com', '$2b$10$uPIuj/iZbfazhRb.rHlece5kZafSd0q4PQTxdDrN6w2b8iw6jYD7C', 'user', 'Rockstar Skull', 1, '2025-09-01 21:54:17'),
(4, 'Escuela', 'escuela@rockstarskull.com', '$2b$10$uPIuj/iZbfazhRb.rHlece5kZafSd0q4PQTxdDrN6w2b8iw6jYD7C', 'user', 'Rockstar Skull', 1, '2025-09-01 21:54:17');

--
-- Índices para tablas volcadas
--

--
-- Indices de la tabla `alumnos`
--
ALTER TABLE `alumnos`
  ADD PRIMARY KEY (`id`),
  ADD KEY `idx_alumnos_estatus` (`estatus`),
  ADD KEY `idx_alumnos_empresa` (`empresa_id`),
  ADD KEY `idx_alumnos_maestro` (`maestro_id`),
  ADD KEY `idx_alumnos_clase` (`clase`);

--
-- Indices de la tabla `clientes`
--
ALTER TABLE `clientes`
  ADD PRIMARY KEY (`id`),
  ADD KEY `idx_clientes_empresa` (`empresa_id`),
  ADD KEY `idx_clientes_tipo` (`tipo`),
  ADD KEY `idx_clientes_nombre` (`nombre`);

--
-- Indices de la tabla `empresas`
--
ALTER TABLE `empresas`
  ADD PRIMARY KEY (`id`),
  ADD UNIQUE KEY `nombre` (`nombre`);

--
-- Indices de la tabla `maestros`
--
ALTER TABLE `maestros`
  ADD PRIMARY KEY (`id`),
  ADD KEY `idx_maestros_empresa` (`empresa_id`);

--
-- Indices de la tabla `pagos_mensuales`
--
ALTER TABLE `pagos_mensuales`
  ADD PRIMARY KEY (`id`),
  ADD UNIQUE KEY `unique_alumno_mes` (`alumno_id`,`año`,`mes`),
  ADD KEY `idx_pagos_fecha` (`año`,`mes`),
  ADD KEY `idx_pagos_alumno` (`alumno_id`);

--
-- Indices de la tabla `staff`
--
ALTER TABLE `staff`
  ADD PRIMARY KEY (`id`),
  ADD KEY `idx_staff_empresa` (`empresa_id`);

--
-- Indices de la tabla `transacciones`
--
ALTER TABLE `transacciones`
  ADD PRIMARY KEY (`id`),
  ADD KEY `idx_transacciones_fecha` (`fecha`),
  ADD KEY `idx_transacciones_socio` (`socio`),
  ADD KEY `idx_transacciones_empresa` (`empresa_id`),
  ADD KEY `idx_transacciones_tipo` (`tipo`),
  ADD KEY `idx_transacciones_created_by` (`created_by`),
  ADD KEY `idx_transacciones_cliente` (`cliente_id`);

--
-- Indices de la tabla `usuarios`
--
ALTER TABLE `usuarios`
  ADD PRIMARY KEY (`id`),
  ADD UNIQUE KEY `email` (`email`);

--
-- AUTO_INCREMENT de las tablas volcadas
--

--
-- AUTO_INCREMENT de la tabla `alumnos`
--
ALTER TABLE `alumnos`
  MODIFY `id` int(11) NOT NULL AUTO_INCREMENT, AUTO_INCREMENT=105;

--
-- AUTO_INCREMENT de la tabla `clientes`
--
ALTER TABLE `clientes`
  MODIFY `id` int(11) NOT NULL AUTO_INCREMENT;

--
-- AUTO_INCREMENT de la tabla `empresas`
--
ALTER TABLE `empresas`
  MODIFY `id` int(11) NOT NULL AUTO_INCREMENT, AUTO_INCREMENT=3;

--
-- AUTO_INCREMENT de la tabla `maestros`
--
ALTER TABLE `maestros`
  MODIFY `id` int(11) NOT NULL AUTO_INCREMENT, AUTO_INCREMENT=9;

--
-- AUTO_INCREMENT de la tabla `pagos_mensuales`
--
ALTER TABLE `pagos_mensuales`
  MODIFY `id` bigint(20) NOT NULL AUTO_INCREMENT;

--
-- AUTO_INCREMENT de la tabla `staff`
--
ALTER TABLE `staff`
  MODIFY `id` int(11) NOT NULL AUTO_INCREMENT, AUTO_INCREMENT=6;

--
-- AUTO_INCREMENT de la tabla `transacciones`
--
ALTER TABLE `transacciones`
  MODIFY `id` bigint(20) NOT NULL AUTO_INCREMENT;

--
-- AUTO_INCREMENT de la tabla `usuarios`
--
ALTER TABLE `usuarios`
  MODIFY `id` int(11) NOT NULL AUTO_INCREMENT, AUTO_INCREMENT=5;

--
-- Restricciones para tablas volcadas
--

--
-- Filtros para la tabla `alumnos`
--
ALTER TABLE `alumnos`
  ADD CONSTRAINT `alumnos_ibfk_1` FOREIGN KEY (`maestro_id`) REFERENCES `maestros` (`id`) ON DELETE SET NULL,
  ADD CONSTRAINT `alumnos_ibfk_2` FOREIGN KEY (`empresa_id`) REFERENCES `empresas` (`id`) ON DELETE RESTRICT;

--
-- Filtros para la tabla `clientes`
--
ALTER TABLE `clientes`
  ADD CONSTRAINT `clientes_ibfk_1` FOREIGN KEY (`empresa_id`) REFERENCES `empresas` (`id`) ON DELETE RESTRICT;

--
-- Filtros para la tabla `maestros`
--
ALTER TABLE `maestros`
  ADD CONSTRAINT `maestros_ibfk_1` FOREIGN KEY (`empresa_id`) REFERENCES `empresas` (`id`) ON DELETE RESTRICT;

--
-- Filtros para la tabla `pagos_mensuales`
--
ALTER TABLE `pagos_mensuales`
  ADD CONSTRAINT `pagos_mensuales_ibfk_1` FOREIGN KEY (`alumno_id`) REFERENCES `alumnos` (`id`) ON DELETE CASCADE;

--
-- Filtros para la tabla `staff`
--
ALTER TABLE `staff`
  ADD CONSTRAINT `staff_ibfk_1` FOREIGN KEY (`empresa_id`) REFERENCES `empresas` (`id`) ON DELETE RESTRICT;

--
-- Filtros para la tabla `transacciones`
--
ALTER TABLE `transacciones`
  ADD CONSTRAINT `transacciones_ibfk_1` FOREIGN KEY (`empresa_id`) REFERENCES `empresas` (`id`) ON DELETE RESTRICT,
  ADD CONSTRAINT `transacciones_ibfk_2` FOREIGN KEY (`created_by`) REFERENCES `usuarios` (`id`) ON DELETE RESTRICT,
  ADD CONSTRAINT `transacciones_ibfk_3` FOREIGN KEY (`cliente_id`) REFERENCES `clientes` (`id`) ON DELETE SET NULL;
COMMIT;

/*!40101 SET CHARACTER_SET_CLIENT=@OLD_CHARACTER_SET_CLIENT */;
/*!40101 SET CHARACTER_SET_RESULTS=@OLD_CHARACTER_SET_RESULTS */;
/*!40101 SET COLLATION_CONNECTION=@OLD_COLLATION_CONNECTION */;
